ObjectID,FrameNo,Coordinates
0.48351648449897766,[1],"[[278.0, 318.0, 322.0, 409.0]]"
0.574999988079071,"[1, 2, 3, 4, 5, 6, 7, 8, 9, 10, 11, 12, 13, 14, 15]","[[1213.0, 0.0, 1236.0, 40.0], [1214.0, 0.0, 1236.0, 40.0], [1214.0, 0.0, 1236.0, 40.0], [1214.0, 0.0, 1236.0, 39.0], [1214.0, 0.0, 1236.0, 39.0], [1214.0, 0.0, 1236.0, 39.0], [1214.0, 0.0, 1236.0, 38.0], [1214.0, 0.0, 1236.0, 38.0], [1214.0, 0.0, 1236.0, 38.0], [1213.0, 0.0, 1236.0, 38.0], [1214.0, 0.0, 1235.0, 37.0], [1214.0, 0.0, 1235.0, 37.0], [1213.0, 0.0, 1235.0, 37.0], [1213.0, 0.0, 1235.0, 37.0], [1213.0, 0.0, 1234.0, 37.0]]"
0.3644859790802002,"[1, 2, 3, 4, 5, 6, 7, 13, 14, 15, 16, 19, 20, 21, 21, 22, 22, 23, 24, 26, 27, 27, 27, 28, 28, 28, 29, 29, 29, 30, 30, 30, 31, 31, 32, 32, 33, 33, 33, 34, 34, 35, 35, 36, 36, 36, 37, 37, 38, 38, 38, 39, 39, 39, 40, 40, 40, 41, 41, 41, 42, 42, 42, 43, 43, 43, 43, 44, 44, 44, 45, 45, 45, 46, 46, 46, 47, 47, 47, 48, 48, 48, 49, 49, 49, 50, 50, 50]","[[229.0, 326.0, 268.0, 433.0], [229.0, 325.0, 267.0, 432.0], [229.0, 325.0, 265.0, 431.0], [229.0, 324.0, 265.0, 431.0], [229.0, 324.0, 264.0, 431.0], [229.0, 324.0, 264.0, 431.0], [229.0, 324.0, 265.0, 431.0], [229.0, 322.0, 264.0, 429.0], [228.0, 321.0, 264.0, 429.0], [228.0, 321.0, 264.0, 429.0], [227.0, 320.0, 263.0, 429.0], [227.0, 320.0, 263.0, 429.0], [226.0, 319.0, 263.0, 429.0], [225.0, 318.0, 262.0, 428.0], [258.0, 327.0, 297.0, 447.0], [225.0, 318.0, 262.0, 427.0], [258.0, 328.0, 297.0, 446.0], [225.0, 318.0, 262.0, 430.0], [225.0, 318.0, 262.0, 430.0], [257.0, 329.0, 295.0, 446.0], [279.0, 310.0, 318.0, 424.0], [302.0, 323.0, 339.0, 428.0], [224.0, 316.0, 261.0, 426.0], [280.0, 310.0, 319.0, 424.0], [302.0, 324.0, 340.0, 425.0], [224.0, 316.0, 261.0, 427.0], [283.0, 310.0, 328.0, 425.0], [302.0, 324.0, 340.0, 425.0], [224.0, 315.0, 261.0, 427.0], [283.0, 310.0, 327.0, 425.0], [302.0, 324.0, 340.0, 425.0], [224.0, 315.0, 261.0, 427.0], [300.0, 316.0, 340.0, 427.0], [223.0, 315.0, 260.0, 427.0], [299.0, 315.0, 340.0, 427.0], [223.0, 314.0, 260.0, 428.0], [279.0, 312.0, 324.0, 424.0], [298.0, 314.0, 340.0, 427.0], [223.0, 315.0, 261.0, 427.0], [299.0, 315.0, 340.0, 427.0], [223.0, 314.0, 260.0, 427.0], [300.0, 316.0, 340.0, 426.0], [223.0, 314.0, 261.0, 427.0], [277.0, 312.0, 321.0, 421.0], [300.0, 316.0, 340.0, 426.0], [223.0, 314.0, 261.0, 427.0], [300.0, 317.0, 340.0, 426.0], [224.0, 315.0, 261.0, 429.0], [299.0, 316.0, 340.0, 426.0], [256.0, 327.0, 295.0, 445.0], [224.0, 315.0, 261.0, 429.0], [299.0, 316.0, 340.0, 425.0], [223.0, 315.0, 261.0, 424.0], [255.0, 328.0, 295.0, 445.0], [223.0, 315.0, 261.0, 424.0], [299.0, 315.0, 340.0, 425.0], [256.0, 328.0, 296.0, 444.0], [299.0, 315.0, 340.0, 425.0], [256.0, 328.0, 296.0, 443.0], [223.0, 315.0, 261.0, 424.0], [299.0, 315.0, 340.0, 425.0], [256.0, 328.0, 296.0, 443.0], [223.0, 315.0, 261.0, 424.0], [278.0, 313.0, 321.0, 422.0], [299.0, 314.0, 340.0, 427.0], [223.0, 315.0, 259.0, 425.0], [255.0, 329.0, 295.0, 444.0], [280.0, 311.0, 323.0, 423.0], [300.0, 316.0, 340.0, 426.0], [256.0, 326.0, 297.0, 445.0], [303.0, 324.0, 340.0, 425.0], [257.0, 327.0, 297.0, 445.0], [223.0, 314.0, 260.0, 428.0], [303.0, 324.0, 339.0, 428.0], [257.0, 330.0, 295.0, 445.0], [223.0, 314.0, 260.0, 427.0], [282.0, 310.0, 324.0, 426.0], [302.0, 323.0, 339.0, 427.0], [256.0, 331.0, 296.0, 445.0], [282.0, 310.0, 325.0, 426.0], [302.0, 323.0, 339.0, 427.0], [256.0, 331.0, 296.0, 445.0], [302.0, 325.0, 339.0, 427.0], [223.0, 315.0, 260.0, 427.0], [256.0, 331.0, 295.0, 445.0], [302.0, 324.0, 339.0, 428.0], [223.0, 315.0, 260.0, 427.0], [258.0, 328.0, 297.0, 445.0]]"
0.35433071851730347,"[1, 2, 3, 4, 8, 9, 10, 11, 12, 13, 14, 15, 16, 17, 18]","[[1234.0, 463.0, 1279.0, 590.0], [1235.0, 463.0, 1279.0, 589.0], [1236.0, 462.0, 1280.0, 587.0], [1235.0, 460.0, 1279.0, 589.0], [1235.0, 437.0, 1280.0, 574.0], [1237.0, 432.0, 1280.0, 564.0], [1237.0, 428.0, 1280.0, 562.0], [1235.0, 425.0, 1279.0, 560.0], [1235.0, 425.0, 1279.0, 560.0], [1234.0, 423.0, 1280.0, 559.0], [1233.0, 422.0, 1280.0, 559.0], [1227.0, 419.0, 1279.0, 558.0], [1226.0, 419.0, 1279.0, 557.0], [1224.0, 416.0, 1279.0, 556.0], [1224.0, 416.0, 1279.0, 556.0]]"
0.3762376308441162,"[1, 2, 3, 4, 5, 6, 7, 8, 9, 10, 11, 12, 13, 14, 15, 16, 17, 18, 19, 20, 21, 22, 23, 24, 25, 26, 32, 34, 35, 37]","[[305.0, 331.0, 343.0, 432.0], [306.0, 331.0, 343.0, 432.0], [307.0, 332.0, 343.0, 431.0], [307.0, 333.0, 343.0, 431.0], [308.0, 332.0, 343.0, 430.0], [308.0, 332.0, 343.0, 430.0], [309.0, 332.0, 343.0, 432.0], [308.0, 332.0, 343.0, 431.0], [308.0, 331.0, 343.0, 430.0], [308.0, 331.0, 343.0, 430.0], [307.0, 330.0, 343.0, 429.0], [307.0, 330.0, 343.0, 429.0], [307.0, 330.0, 342.0, 430.0], [307.0, 330.0, 342.0, 429.0], [306.0, 329.0, 342.0, 429.0], [305.0, 329.0, 342.0, 430.0], [304.0, 329.0, 342.0, 430.0], [304.0, 329.0, 342.0, 430.0], [305.0, 329.0, 342.0, 430.0], [304.0, 328.0, 341.0, 430.0], [303.0, 328.0, 341.0, 430.0], [303.0, 328.0, 341.0, 429.0], [303.0, 328.0, 340.0, 429.0], [303.0, 328.0, 340.0, 429.0], [303.0, 326.0, 340.0, 429.0], [303.0, 327.0, 340.0, 429.0], [279.0, 313.0, 326.0, 426.0], [278.0, 313.0, 324.0, 424.0], [277.0, 312.0, 322.0, 422.0], [281.0, 310.0, 326.0, 421.0]]"
0.3193277418613434,"[1, 2, 3, 4, 5, 6, 7, 8, 9, 10, 11, 12, 13, 14, 15, 16, 17, 18, 19, 20, 23, 24, 25, 27, 28, 29, 30, 31, 32, 33, 34, 35, 36, 37, 45, 46, 49]","[[259.0, 331.0, 297.0, 450.0], [261.0, 333.0, 298.0, 450.0], [262.0, 334.0, 299.0, 451.0], [262.0, 335.0, 298.0, 451.0], [262.0, 335.0, 298.0, 451.0], [262.0, 335.0, 298.0, 451.0], [262.0, 334.0, 299.0, 450.0], [260.0, 335.0, 298.0, 450.0], [259.0, 334.0, 297.0, 451.0], [259.0, 333.0, 298.0, 450.0], [260.0, 333.0, 298.0, 450.0], [260.0, 333.0, 298.0, 450.0], [262.0, 327.0, 300.0, 448.0], [261.0, 328.0, 299.0, 448.0], [261.0, 323.0, 300.0, 449.0], [260.0, 324.0, 299.0, 448.0], [258.0, 326.0, 298.0, 447.0], [258.0, 326.0, 298.0, 447.0], [258.0, 325.0, 298.0, 447.0], [258.0, 326.0, 297.0, 447.0], [258.0, 327.0, 296.0, 446.0], [258.0, 327.0, 296.0, 446.0], [257.0, 328.0, 295.0, 446.0], [257.0, 330.0, 294.0, 446.0], [257.0, 326.0, 294.0, 446.0], [257.0, 327.0, 294.0, 446.0], [257.0, 327.0, 294.0, 446.0], [256.0, 327.0, 293.0, 446.0], [256.0, 326.0, 293.0, 446.0], [256.0, 324.0, 293.0, 446.0], [256.0, 324.0, 293.0, 445.0], [256.0, 324.0, 294.0, 445.0], [256.0, 324.0, 294.0, 445.0], [256.0, 323.0, 294.0, 445.0], [277.0, 311.0, 309.0, 422.0], [275.0, 311.0, 307.0, 424.0], [280.0, 310.0, 317.0, 426.0]]"
0.19480518996715546,"[1, 2, 3, 4, 5, 6, 7, 8, 9, 10, 11, 12, 13, 14, 15, 16, 17, 18, 19, 20, 21, 28, 29, 30, 31, 32, 37, 38, 39, 40, 43, 50]","[[1264.0, 57.0, 1279.0, 134.0], [1264.0, 60.0, 1279.0, 136.0], [1264.0, 61.0, 1279.0, 136.0], [1264.0, 62.0, 1279.0, 135.0], [1264.0, 62.0, 1279.0, 135.0], [1264.0, 62.0, 1279.0, 135.0], [1264.0, 62.0, 1279.0, 134.0], [1264.0, 62.0, 1279.0, 135.0], [1265.0, 62.0, 1279.0, 135.0], [1265.0, 62.0, 1279.0, 135.0], [1264.0, 62.0, 1279.0, 135.0], [1264.0, 62.0, 1279.0, 135.0], [1264.0, 62.0, 1279.0, 137.0], [1264.0, 62.0, 1279.0, 139.0], [1262.0, 67.0, 1279.0, 141.0], [1262.0, 67.0, 1279.0, 142.0], [1262.0, 66.0, 1279.0, 144.0], [1262.0, 66.0, 1279.0, 144.0], [1262.0, 65.0, 1279.0, 144.0], [1261.0, 64.0, 1279.0, 145.0], [1261.0, 63.0, 1279.0, 144.0], [1260.0, 62.0, 1280.0, 148.0], [1260.0, 62.0, 1280.0, 150.0], [1260.0, 62.0, 1280.0, 150.0], [1260.0, 63.0, 1280.0, 150.0], [1260.0, 64.0, 1280.0, 151.0], [1260.0, 72.0, 1279.0, 153.0], [1260.0, 73.0, 1279.0, 154.0], [1261.0, 73.0, 1279.0, 154.0], [1261.0, 73.0, 1280.0, 154.0], [1261.0, 74.0, 1280.0, 155.0], [1259.0, 76.0, 1280.0, 166.0]]"
0.5,"[40, 41, 42, 43, 44, 45, 46, 47, 48, 49, 50]","[[60.0, 548.0, 129.0, 686.0], [62.0, 551.0, 133.0, 693.0], [62.0, 551.0, 133.0, 693.0], [63.0, 553.0, 133.0, 692.0], [64.0, 554.0, 134.0, 691.0], [67.0, 558.0, 135.0, 684.0], [67.0, 560.0, 136.0, 689.0], [68.0, 561.0, 137.0, 692.0], [68.0, 561.0, 137.0, 692.0], [69.0, 563.0, 138.0, 696.0], [70.0, 564.0, 138.0, 697.0]]"
0.40506330132484436,"[1, 2, 3, 4, 5, 6, 8, 11, 12]","[[481.0, 0.0, 513.0, 79.0], [482.0, 0.0, 512.0, 76.0], [481.0, 0.0, 513.0, 73.0], [482.0, 0.0, 513.0, 72.0], [482.0, 0.0, 513.0, 71.0], [482.0, 0.0, 513.0, 71.0], [482.0, 0.0, 512.0, 69.0], [482.0, 0.0, 512.0, 68.0], [482.0, 0.0, 512.0, 68.0]]"
0.4354838728904724,"[1, 2, 3, 4, 5, 6, 7, 8, 9, 10, 11, 12, 13, 14, 23]","[[602.0, 0.0, 629.0, 62.0], [603.0, 0.0, 630.0, 59.0], [604.0, 0.0, 630.0, 58.0], [604.0, 0.0, 630.0, 58.0], [605.0, 0.0, 630.0, 58.0], [605.0, 0.0, 630.0, 58.0], [605.0, 0.0, 630.0, 59.0], [606.0, 0.0, 631.0, 59.0], [605.0, 0.0, 631.0, 58.0], [605.0, 0.0, 632.0, 59.0], [605.0, 0.0, 632.0, 61.0], [605.0, 0.0, 632.0, 61.0], [605.0, 0.0, 632.0, 58.0], [605.0, 0.0, 632.0, 57.0], [606.0, 0.0, 632.0, 58.0]]"
0.3164556920528412,"[1, 2, 3, 4, 5, 6, 7, 7, 8, 9, 10, 11, 12, 14, 15, 16, 17, 17, 18, 18, 19, 20, 21, 27, 28, 29, 30, 31, 32, 33, 34, 35, 36, 37, 38, 39, 41, 42, 45]","[[872.0, 0.0, 897.0, 79.0], [872.0, 0.0, 897.0, 80.0], [871.0, 0.0, 897.0, 80.0], [871.0, 0.0, 897.0, 79.0], [871.0, 0.0, 897.0, 80.0], [871.0, 0.0, 897.0, 79.0], [847.0, 12.0, 873.0, 86.0], [871.0, 0.0, 897.0, 79.0], [872.0, 0.0, 897.0, 78.0], [871.0, 0.0, 897.0, 78.0], [871.0, 0.0, 897.0, 75.0], [871.0, 0.0, 897.0, 75.0], [871.0, 0.0, 897.0, 74.0], [870.0, 0.0, 896.0, 74.0], [870.0, 0.0, 896.0, 74.0], [870.0, 0.0, 895.0, 74.0], [845.0, 21.0, 867.0, 84.0], [869.0, 0.0, 895.0, 74.0], [845.0, 21.0, 867.0, 84.0], [869.0, 0.0, 895.0, 74.0], [869.0, 0.0, 896.0, 76.0], [869.0, 0.0, 895.0, 76.0], [868.0, 0.0, 895.0, 76.0], [842.0, 21.0, 863.0, 81.0], [842.0, 20.0, 863.0, 81.0], [841.0, 20.0, 862.0, 81.0], [841.0, 20.0, 862.0, 81.0], [841.0, 20.0, 861.0, 81.0], [841.0, 20.0, 862.0, 81.0], [841.0, 19.0, 862.0, 81.0], [840.0, 19.0, 861.0, 81.0], [840.0, 18.0, 862.0, 81.0], [840.0, 18.0, 862.0, 81.0], [840.0, 18.0, 862.0, 81.0], [840.0, 18.0, 862.0, 81.0], [840.0, 18.0, 862.0, 81.0], [839.0, 17.0, 862.0, 82.0], [839.0, 17.0, 862.0, 82.0], [839.0, 17.0, 862.0, 82.0]]"
0.5737704634666443,"[1, 2, 3, 4, 5, 6, 7, 8, 9, 10, 11, 12, 13, 14, 15, 16, 17, 18, 19, 20, 21, 22, 23, 24, 25, 26, 27, 28, 29, 30, 31, 32, 33, 34, 35, 36, 38, 39, 40, 41, 42, 43, 44, 45, 46, 47, 48, 49]","[[378.0, 131.0, 413.0, 192.0], [378.0, 132.0, 415.0, 193.0], [378.0, 133.0, 415.0, 194.0], [379.0, 134.0, 415.0, 196.0], [379.0, 134.0, 416.0, 198.0], [379.0, 134.0, 416.0, 198.0], [379.0, 135.0, 416.0, 200.0], [380.0, 137.0, 415.0, 200.0], [380.0, 139.0, 415.0, 201.0], [381.0, 139.0, 415.0, 202.0], [381.0, 139.0, 415.0, 202.0], [381.0, 139.0, 415.0, 202.0], [381.0, 140.0, 416.0, 202.0], [381.0, 140.0, 416.0, 202.0], [381.0, 141.0, 416.0, 205.0], [381.0, 141.0, 417.0, 207.0], [381.0, 142.0, 417.0, 208.0], [381.0, 142.0, 417.0, 208.0], [381.0, 143.0, 418.0, 208.0], [381.0, 143.0, 418.0, 208.0], [380.0, 145.0, 418.0, 209.0], [380.0, 145.0, 418.0, 210.0], [379.0, 147.0, 417.0, 209.0], [379.0, 147.0, 417.0, 209.0], [380.0, 148.0, 417.0, 210.0], [380.0, 149.0, 417.0, 211.0], [379.0, 150.0, 416.0, 213.0], [379.0, 151.0, 416.0, 214.0], [379.0, 152.0, 416.0, 216.0], [379.0, 152.0, 416.0, 216.0], [379.0, 152.0, 416.0, 218.0], [379.0, 153.0, 416.0, 219.0], [379.0, 154.0, 416.0, 221.0], [379.0, 154.0, 416.0, 221.0], [379.0, 155.0, 416.0, 223.0], [379.0, 155.0, 416.0, 223.0], [379.0, 157.0, 417.0, 225.0], [379.0, 160.0, 418.0, 228.0], [380.0, 161.0, 418.0, 229.0], [380.0, 163.0, 418.0, 230.0], [380.0, 163.0, 418.0, 230.0], [381.0, 165.0, 417.0, 231.0], [381.0, 166.0, 418.0, 232.0], [382.0, 167.0, 419.0, 234.0], [382.0, 168.0, 419.0, 236.0], [382.0, 169.0, 419.0, 238.0], [382.0, 169.0, 419.0, 238.0], [382.0, 170.0, 420.0, 241.0]]"
0.32098764181137085,"[1, 1, 2, 2, 3, 3, 4, 4, 5, 5, 6, 6, 7, 7, 8, 8, 9, 9, 10, 10, 11, 11, 12, 12, 13, 13, 14, 14, 15, 15, 16, 16, 17, 17, 18, 18, 19, 19, 20, 20, 21, 21, 22, 22, 23, 23, 24, 24, 25, 25, 26, 26, 27, 27, 28, 28, 29, 29, 30, 30, 31, 31, 32, 32, 33, 33, 34, 34, 35, 35, 36, 36, 37, 37, 38, 38, 39, 39, 40, 41, 42, 43, 46, 48, 50]","[[1054.0, 7.0, 1080.0, 88.0], [1078.0, 6.0, 1103.0, 90.0], [1078.0, 5.0, 1104.0, 90.0], [1056.0, 7.0, 1081.0, 87.0], [1078.0, 4.0, 1104.0, 91.0], [1056.0, 7.0, 1081.0, 87.0], [1079.0, 4.0, 1104.0, 91.0], [1056.0, 7.0, 1082.0, 87.0], [1079.0, 4.0, 1105.0, 91.0], [1056.0, 7.0, 1082.0, 87.0], [1079.0, 4.0, 1105.0, 91.0], [1056.0, 7.0, 1082.0, 87.0], [1079.0, 5.0, 1105.0, 90.0], [1056.0, 8.0, 1082.0, 87.0], [1079.0, 4.0, 1105.0, 89.0], [1056.0, 8.0, 1082.0, 87.0], [1080.0, 5.0, 1106.0, 89.0], [1058.0, 8.0, 1083.0, 88.0], [1080.0, 5.0, 1107.0, 88.0], [1059.0, 8.0, 1083.0, 88.0], [1080.0, 6.0, 1107.0, 88.0], [1059.0, 9.0, 1083.0, 89.0], [1080.0, 6.0, 1107.0, 88.0], [1059.0, 9.0, 1083.0, 89.0], [1080.0, 6.0, 1107.0, 88.0], [1059.0, 9.0, 1083.0, 89.0], [1081.0, 6.0, 1108.0, 88.0], [1060.0, 9.0, 1084.0, 90.0], [1082.0, 5.0, 1109.0, 88.0], [1060.0, 9.0, 1084.0, 90.0], [1082.0, 5.0, 1109.0, 88.0], [1060.0, 9.0, 1084.0, 90.0], [1082.0, 5.0, 1109.0, 88.0], [1060.0, 9.0, 1084.0, 90.0], [1082.0, 5.0, 1109.0, 88.0], [1060.0, 9.0, 1084.0, 90.0], [1082.0, 4.0, 1109.0, 87.0], [1060.0, 9.0, 1085.0, 91.0], [1082.0, 5.0, 1109.0, 88.0], [1060.0, 9.0, 1085.0, 91.0], [1082.0, 5.0, 1110.0, 88.0], [1060.0, 9.0, 1085.0, 91.0], [1082.0, 5.0, 1110.0, 89.0], [1060.0, 9.0, 1085.0, 91.0], [1083.0, 6.0, 1110.0, 89.0], [1060.0, 9.0, 1085.0, 91.0], [1083.0, 6.0, 1110.0, 89.0], [1060.0, 9.0, 1085.0, 91.0], [1083.0, 7.0, 1110.0, 89.0], [1060.0, 10.0, 1085.0, 90.0], [1082.0, 7.0, 1110.0, 91.0], [1059.0, 10.0, 1086.0, 90.0], [1083.0, 8.0, 1110.0, 91.0], [1059.0, 10.0, 1085.0, 90.0], [1083.0, 8.0, 1110.0, 92.0], [1059.0, 10.0, 1086.0, 90.0], [1083.0, 8.0, 1110.0, 93.0], [1059.0, 10.0, 1086.0, 91.0], [1083.0, 8.0, 1110.0, 93.0], [1059.0, 10.0, 1086.0, 91.0], [1083.0, 8.0, 1110.0, 93.0], [1059.0, 10.0, 1086.0, 91.0], [1084.0, 8.0, 1110.0, 94.0], [1060.0, 10.0, 1086.0, 91.0], [1085.0, 8.0, 1111.0, 95.0], [1060.0, 11.0, 1087.0, 92.0], [1086.0, 9.0, 1110.0, 93.0], [1061.0, 12.0, 1087.0, 93.0], [1086.0, 9.0, 1110.0, 93.0], [1061.0, 12.0, 1087.0, 94.0], [1086.0, 9.0, 1110.0, 93.0], [1061.0, 12.0, 1087.0, 94.0], [1086.0, 10.0, 1110.0, 93.0], [1061.0, 12.0, 1088.0, 94.0], [1087.0, 9.0, 1113.0, 92.0], [1061.0, 13.0, 1089.0, 94.0], [1089.0, 10.0, 1113.0, 90.0], [1062.0, 14.0, 1091.0, 95.0], [1089.0, 10.0, 1113.0, 88.0], [1090.0, 8.0, 1114.0, 92.0], [1089.0, 10.0, 1114.0, 91.0], [1091.0, 10.0, 1115.0, 92.0], [1067.0, 15.0, 1096.0, 97.0], [1067.0, 16.0, 1096.0, 97.0], [1069.0, 17.0, 1098.0, 98.0]]"
0.3103448152542114,"[1, 2, 2, 3, 3, 4, 4, 5, 5, 6, 6, 7, 7, 8, 8, 9, 9, 10, 10, 11, 11, 12, 12, 13, 13, 14, 14, 15, 15, 16, 16, 17, 17, 18, 18, 19, 19, 20, 20, 21, 21, 22, 22, 23, 23, 24, 24, 25, 25, 26, 26, 27, 27, 28, 28, 29, 29, 30, 30, 31, 31, 32, 32, 33, 33, 34, 34, 35, 35, 36, 36, 37, 37, 38, 38, 39, 39, 40, 40, 41, 41, 42, 42, 43, 43, 44, 44, 45, 45, 46, 46, 47, 47, 48, 48, 49, 49, 50, 50]","[[595.0, 57.0, 622.0, 144.0], [568.0, 39.0, 595.0, 135.0], [596.0, 55.0, 623.0, 145.0], [568.0, 39.0, 595.0, 135.0], [597.0, 52.0, 624.0, 143.0], [568.0, 38.0, 595.0, 134.0], [597.0, 55.0, 625.0, 144.0], [568.0, 38.0, 594.0, 134.0], [598.0, 51.0, 626.0, 141.0], [568.0, 38.0, 594.0, 134.0], [598.0, 51.0, 626.0, 141.0], [567.0, 37.0, 594.0, 134.0], [599.0, 51.0, 626.0, 141.0], [600.0, 51.0, 627.0, 142.0], [567.0, 37.0, 594.0, 133.0], [601.0, 46.0, 629.0, 141.0], [566.0, 35.0, 594.0, 133.0], [602.0, 46.0, 630.0, 139.0], [566.0, 35.0, 594.0, 133.0], [602.0, 45.0, 630.0, 137.0], [566.0, 34.0, 594.0, 133.0], [602.0, 45.0, 630.0, 137.0], [566.0, 34.0, 594.0, 133.0], [602.0, 45.0, 631.0, 135.0], [566.0, 34.0, 594.0, 132.0], [603.0, 44.0, 631.0, 134.0], [566.0, 33.0, 594.0, 133.0], [603.0, 43.0, 631.0, 134.0], [566.0, 33.0, 594.0, 132.0], [603.0, 42.0, 632.0, 131.0], [566.0, 34.0, 594.0, 133.0], [604.0, 42.0, 632.0, 131.0], [565.0, 34.0, 594.0, 132.0], [604.0, 42.0, 632.0, 131.0], [565.0, 34.0, 594.0, 132.0], [605.0, 42.0, 632.0, 130.0], [565.0, 34.0, 594.0, 131.0], [606.0, 42.0, 633.0, 130.0], [565.0, 33.0, 594.0, 131.0], [608.0, 44.0, 633.0, 129.0], [564.0, 32.0, 594.0, 131.0], [608.0, 43.0, 633.0, 128.0], [564.0, 32.0, 594.0, 131.0], [609.0, 41.0, 633.0, 127.0], [564.0, 31.0, 594.0, 130.0], [609.0, 41.0, 633.0, 126.0], [564.0, 31.0, 594.0, 130.0], [609.0, 42.0, 633.0, 124.0], [564.0, 32.0, 594.0, 130.0], [609.0, 43.0, 634.0, 123.0], [564.0, 30.0, 594.0, 130.0], [609.0, 42.0, 634.0, 119.0], [563.0, 29.0, 594.0, 130.0], [610.0, 40.0, 634.0, 118.0], [563.0, 29.0, 593.0, 128.0], [610.0, 38.0, 636.0, 118.0], [563.0, 29.0, 593.0, 128.0], [610.0, 38.0, 636.0, 118.0], [563.0, 29.0, 593.0, 128.0], [611.0, 36.0, 637.0, 118.0], [563.0, 28.0, 593.0, 128.0], [610.0, 33.0, 637.0, 118.0], [562.0, 29.0, 592.0, 128.0], [612.0, 33.0, 640.0, 117.0], [562.0, 29.0, 592.0, 127.0], [612.0, 23.0, 641.0, 116.0], [562.0, 29.0, 592.0, 127.0], [612.0, 14.0, 642.0, 117.0], [562.0, 29.0, 592.0, 127.0], [612.0, 13.0, 642.0, 117.0], [562.0, 29.0, 592.0, 127.0], [613.0, 21.0, 642.0, 116.0], [562.0, 29.0, 592.0, 127.0], [613.0, 14.0, 643.0, 117.0], [562.0, 29.0, 592.0, 127.0], [614.0, 19.0, 644.0, 115.0], [562.0, 29.0, 592.0, 127.0], [617.0, 22.0, 644.0, 114.0], [562.0, 29.0, 592.0, 127.0], [618.0, 22.0, 645.0, 113.0], [563.0, 29.0, 592.0, 128.0], [618.0, 22.0, 645.0, 113.0], [563.0, 29.0, 592.0, 127.0], [617.0, 22.0, 646.0, 113.0], [563.0, 29.0, 592.0, 128.0], [618.0, 19.0, 646.0, 110.0], [564.0, 29.0, 593.0, 128.0], [621.0, 18.0, 647.0, 108.0], [564.0, 29.0, 593.0, 128.0], [621.0, 17.0, 648.0, 108.0], [564.0, 29.0, 593.0, 128.0], [622.0, 16.0, 648.0, 108.0], [564.0, 29.0, 593.0, 128.0], [622.0, 16.0, 648.0, 108.0], [564.0, 29.0, 593.0, 128.0], [623.0, 16.0, 649.0, 108.0], [564.0, 29.0, 594.0, 128.0], [623.0, 16.0, 650.0, 107.0], [564.0, 29.0, 594.0, 128.0]]"
0.3777777850627899,"[1, 2, 3, 4, 5, 6, 7, 8, 9, 10, 11, 12, 13, 14, 15, 16, 17, 18, 19, 20, 21, 22, 23, 24, 25, 26, 27, 28, 29, 30, 31, 32, 33, 34, 35, 36, 37, 38, 39, 40, 41, 42, 43, 44, 45, 46, 47, 48, 49, 50]","[[1117.0, 4.0, 1151.0, 94.0], [1118.0, 3.0, 1152.0, 95.0], [1118.0, 3.0, 1153.0, 95.0], [1120.0, 3.0, 1153.0, 96.0], [1120.0, 2.0, 1154.0, 94.0], [1120.0, 2.0, 1154.0, 94.0], [1121.0, 3.0, 1155.0, 93.0], [1121.0, 3.0, 1155.0, 95.0], [1122.0, 4.0, 1156.0, 97.0], [1122.0, 4.0, 1157.0, 99.0], [1122.0, 5.0, 1157.0, 100.0], [1122.0, 5.0, 1157.0, 99.0], [1122.0, 6.0, 1157.0, 100.0], [1123.0, 7.0, 1157.0, 100.0], [1122.0, 8.0, 1157.0, 101.0], [1122.0, 8.0, 1157.0, 102.0], [1122.0, 8.0, 1157.0, 102.0], [1122.0, 8.0, 1157.0, 102.0], [1122.0, 8.0, 1156.0, 99.0], [1122.0, 8.0, 1156.0, 99.0], [1122.0, 9.0, 1156.0, 100.0], [1122.0, 9.0, 1156.0, 100.0], [1122.0, 9.0, 1157.0, 101.0], [1122.0, 9.0, 1157.0, 101.0], [1122.0, 10.0, 1157.0, 102.0], [1122.0, 11.0, 1157.0, 103.0], [1122.0, 11.0, 1157.0, 104.0], [1121.0, 12.0, 1157.0, 107.0], [1121.0, 14.0, 1157.0, 107.0], [1121.0, 14.0, 1157.0, 107.0], [1122.0, 14.0, 1157.0, 108.0], [1120.0, 14.0, 1156.0, 112.0], [1120.0, 18.0, 1157.0, 112.0], [1121.0, 19.0, 1157.0, 113.0], [1122.0, 20.0, 1158.0, 113.0], [1122.0, 20.0, 1158.0, 113.0], [1123.0, 20.0, 1159.0, 111.0], [1123.0, 20.0, 1159.0, 111.0], [1123.0, 20.0, 1161.0, 111.0], [1124.0, 20.0, 1161.0, 112.0], [1125.0, 21.0, 1161.0, 116.0], [1125.0, 21.0, 1161.0, 116.0], [1125.0, 22.0, 1161.0, 116.0], [1126.0, 22.0, 1162.0, 117.0], [1127.0, 24.0, 1163.0, 122.0], [1127.0, 26.0, 1163.0, 124.0], [1127.0, 26.0, 1163.0, 125.0], [1127.0, 26.0, 1163.0, 125.0], [1127.0, 27.0, 1163.0, 125.0], [1127.0, 29.0, 1163.0, 125.0]]"
0.3142857253551483,"[1, 2, 3, 4, 5, 6, 7, 8, 9, 10, 11, 12, 13, 14, 15, 16, 17, 18, 19, 20, 21, 22, 23, 24, 25, 26, 27, 28, 29, 30, 31, 32, 33, 34, 35, 36, 37, 38, 39, 40, 41, 42, 43, 44, 45, 46, 47, 48, 49, 50]","[[922.0, 22.0, 955.0, 127.0], [923.0, 23.0, 955.0, 126.0], [923.0, 23.0, 955.0, 126.0], [923.0, 23.0, 955.0, 126.0], [923.0, 23.0, 955.0, 126.0], [923.0, 24.0, 954.0, 126.0], [923.0, 24.0, 954.0, 125.0], [923.0, 23.0, 955.0, 125.0], [922.0, 13.0, 959.0, 125.0], [921.0, 0.0, 962.0, 126.0], [922.0, 7.0, 961.0, 124.0], [922.0, 8.0, 961.0, 124.0], [921.0, 0.0, 963.0, 125.0], [921.0, 0.0, 963.0, 126.0], [920.0, 0.0, 962.0, 124.0], [920.0, 0.0, 961.0, 124.0], [920.0, 0.0, 960.0, 124.0], [920.0, 0.0, 960.0, 124.0], [919.0, 0.0, 959.0, 124.0], [920.0, 0.0, 958.0, 122.0], [919.0, 0.0, 957.0, 121.0], [919.0, 0.0, 956.0, 121.0], [918.0, 0.0, 955.0, 121.0], [918.0, 0.0, 955.0, 121.0], [918.0, 0.0, 955.0, 121.0], [917.0, 0.0, 954.0, 120.0], [917.0, 0.0, 954.0, 120.0], [917.0, 0.0, 954.0, 120.0], [917.0, 0.0, 953.0, 120.0], [917.0, 0.0, 953.0, 120.0], [916.0, 0.0, 953.0, 120.0], [916.0, 0.0, 953.0, 120.0], [916.0, 0.0, 952.0, 120.0], [916.0, 4.0, 952.0, 120.0], [917.0, 11.0, 950.0, 119.0], [917.0, 11.0, 950.0, 119.0], [917.0, 16.0, 949.0, 118.0], [916.0, 8.0, 950.0, 119.0], [915.0, 4.0, 951.0, 120.0], [915.0, 2.0, 952.0, 120.0], [915.0, 6.0, 951.0, 120.0], [915.0, 6.0, 951.0, 120.0], [916.0, 13.0, 950.0, 119.0], [917.0, 18.0, 949.0, 120.0], [917.0, 20.0, 949.0, 120.0], [917.0, 19.0, 948.0, 120.0], [917.0, 21.0, 948.0, 120.0], [917.0, 21.0, 948.0, 120.0], [917.0, 22.0, 948.0, 119.0], [917.0, 22.0, 948.0, 119.0]]"
0.2680412232875824,[1],"[[569.0, 39.0, 595.0, 136.0]]"
0.3232323229312897,"[1, 1, 2, 2, 3, 3, 4, 4, 5, 5, 6, 6, 7, 7, 8, 8, 9, 9, 10, 10, 11, 11, 12, 12, 13, 13, 14, 14, 15, 16, 16, 17, 17, 18, 18, 19, 19, 20, 20, 21, 21, 22, 22, 23, 23, 24, 24, 25, 25, 26, 26, 27, 27, 28, 28, 29, 30, 31, 32, 33, 34, 35, 35, 36, 36, 37, 38, 39, 40, 41, 42, 43, 43, 44, 44, 45, 45, 46, 46, 47, 48, 49, 50]","[[803.0, 81.0, 835.0, 180.0], [776.0, 96.0, 806.0, 188.0], [802.0, 79.0, 835.0, 176.0], [777.0, 95.0, 807.0, 187.0], [802.0, 78.0, 835.0, 175.0], [777.0, 94.0, 807.0, 188.0], [803.0, 74.0, 836.0, 175.0], [778.0, 93.0, 807.0, 186.0], [803.0, 72.0, 836.0, 175.0], [779.0, 92.0, 808.0, 185.0], [803.0, 72.0, 836.0, 175.0], [779.0, 92.0, 808.0, 185.0], [803.0, 72.0, 835.0, 172.0], [779.0, 91.0, 809.0, 185.0], [803.0, 71.0, 835.0, 170.0], [780.0, 89.0, 809.0, 184.0], [804.0, 70.0, 835.0, 173.0], [780.0, 86.0, 810.0, 179.0], [805.0, 69.0, 835.0, 172.0], [780.0, 85.0, 811.0, 178.0], [805.0, 67.0, 835.0, 169.0], [781.0, 80.0, 810.0, 176.0], [805.0, 67.0, 835.0, 169.0], [781.0, 80.0, 810.0, 176.0], [805.0, 66.0, 835.0, 170.0], [778.0, 81.0, 810.0, 176.0], [805.0, 64.0, 835.0, 169.0], [779.0, 79.0, 810.0, 175.0], [780.0, 78.0, 811.0, 172.0], [805.0, 60.0, 835.0, 164.0], [780.0, 77.0, 811.0, 172.0], [804.0, 59.0, 834.0, 162.0], [780.0, 76.0, 811.0, 171.0], [804.0, 59.0, 834.0, 162.0], [780.0, 76.0, 811.0, 171.0], [804.0, 58.0, 834.0, 159.0], [780.0, 75.0, 812.0, 172.0], [804.0, 55.0, 834.0, 158.0], [780.0, 76.0, 811.0, 172.0], [803.0, 54.0, 834.0, 155.0], [778.0, 73.0, 810.0, 170.0], [801.0, 55.0, 832.0, 154.0], [778.0, 71.0, 809.0, 167.0], [801.0, 54.0, 832.0, 153.0], [778.0, 69.0, 808.0, 168.0], [801.0, 54.0, 832.0, 153.0], [778.0, 69.0, 808.0, 168.0], [800.0, 53.0, 832.0, 154.0], [778.0, 68.0, 808.0, 166.0], [800.0, 52.0, 832.0, 154.0], [778.0, 68.0, 807.0, 163.0], [800.0, 52.0, 831.0, 153.0], [778.0, 64.0, 807.0, 157.0], [800.0, 51.0, 831.0, 152.0], [778.0, 63.0, 806.0, 155.0], [799.0, 50.0, 830.0, 150.0], [799.0, 50.0, 830.0, 150.0], [800.0, 49.0, 831.0, 148.0], [800.0, 49.0, 830.0, 147.0], [799.0, 48.0, 829.0, 143.0], [799.0, 45.0, 828.0, 141.0], [798.0, 43.0, 828.0, 139.0], [777.0, 58.0, 804.0, 153.0], [798.0, 43.0, 828.0, 139.0], [777.0, 58.0, 804.0, 153.0], [798.0, 42.0, 828.0, 137.0], [797.0, 41.0, 827.0, 136.0], [797.0, 43.0, 827.0, 138.0], [797.0, 42.0, 827.0, 137.0], [797.0, 42.0, 826.0, 137.0], [797.0, 42.0, 826.0, 137.0], [797.0, 41.0, 826.0, 136.0], [776.0, 51.0, 803.0, 146.0], [797.0, 41.0, 826.0, 136.0], [775.0, 52.0, 804.0, 144.0], [797.0, 37.0, 826.0, 135.0], [776.0, 50.0, 802.0, 140.0], [797.0, 36.0, 826.0, 135.0], [775.0, 49.0, 801.0, 139.0], [797.0, 35.0, 827.0, 134.0], [797.0, 35.0, 827.0, 134.0], [797.0, 34.0, 826.0, 133.0], [797.0, 32.0, 826.0, 132.0]]"
0.7634408473968506,[1],"[[760.0, 626.0, 831.0, 719.0]]"
0.4166666567325592,"[1, 2, 3, 4, 5, 6, 7, 8, 9, 10, 11, 12, 13, 14, 16, 17, 18, 19, 20, 21, 22, 23, 24, 25, 26, 27, 28, 29, 30, 31, 32, 33, 34, 35, 36, 37, 38, 39, 40, 41, 42, 43, 44, 45, 46, 47, 48, 49, 50]","[[1123.0, 93.0, 1163.0, 189.0], [1126.0, 98.0, 1166.0, 197.0], [1126.0, 100.0, 1167.0, 198.0], [1127.0, 98.0, 1170.0, 201.0], [1128.0, 97.0, 1170.0, 204.0], [1128.0, 97.0, 1170.0, 204.0], [1130.0, 100.0, 1171.0, 205.0], [1131.0, 103.0, 1173.0, 206.0], [1131.0, 101.0, 1175.0, 205.0], [1131.0, 102.0, 1175.0, 204.0], [1133.0, 99.0, 1177.0, 204.0], [1133.0, 99.0, 1177.0, 204.0], [1133.0, 101.0, 1178.0, 205.0], [1134.0, 99.0, 1179.0, 205.0], [1135.0, 104.0, 1181.0, 208.0], [1134.0, 106.0, 1180.0, 212.0], [1134.0, 106.0, 1180.0, 212.0], [1134.0, 109.0, 1180.0, 215.0], [1135.0, 111.0, 1180.0, 217.0], [1136.0, 112.0, 1181.0, 219.0], [1136.0, 112.0, 1182.0, 220.0], [1137.0, 114.0, 1181.0, 220.0], [1137.0, 114.0, 1181.0, 220.0], [1137.0, 118.0, 1181.0, 220.0], [1137.0, 119.0, 1182.0, 220.0], [1141.0, 119.0, 1184.0, 218.0], [1142.0, 119.0, 1184.0, 218.0], [1141.0, 119.0, 1185.0, 220.0], [1141.0, 119.0, 1185.0, 220.0], [1142.0, 120.0, 1186.0, 221.0], [1142.0, 120.0, 1186.0, 226.0], [1142.0, 124.0, 1187.0, 233.0], [1142.0, 126.0, 1188.0, 235.0], [1144.0, 127.0, 1189.0, 236.0], [1144.0, 127.0, 1189.0, 236.0], [1144.0, 129.0, 1189.0, 237.0], [1145.0, 133.0, 1190.0, 239.0], [1146.0, 136.0, 1192.0, 240.0], [1148.0, 134.0, 1193.0, 240.0], [1149.0, 132.0, 1195.0, 240.0], [1149.0, 132.0, 1195.0, 240.0], [1152.0, 136.0, 1195.0, 238.0], [1153.0, 135.0, 1196.0, 238.0], [1155.0, 133.0, 1199.0, 240.0], [1154.0, 136.0, 1201.0, 245.0], [1154.0, 142.0, 1202.0, 249.0], [1154.0, 142.0, 1202.0, 249.0], [1156.0, 143.0, 1202.0, 252.0], [1157.0, 144.0, 1202.0, 253.0]]"
0.3855421543121338,"[1, 2, 3, 4, 5, 6, 7, 8, 9, 10, 11, 12, 13, 14, 15, 16, 17, 18, 19, 20, 21, 26]","[[238.0, 13.0, 270.0, 96.0], [238.0, 9.0, 272.0, 93.0], [239.0, 9.0, 273.0, 94.0], [241.0, 7.0, 275.0, 94.0], [242.0, 7.0, 277.0, 93.0], [242.0, 7.0, 277.0, 93.0], [242.0, 6.0, 278.0, 93.0], [243.0, 4.0, 280.0, 93.0], [245.0, 4.0, 281.0, 93.0], [247.0, 3.0, 282.0, 92.0], [248.0, 3.0, 283.0, 90.0], [248.0, 3.0, 283.0, 90.0], [249.0, 3.0, 283.0, 89.0], [251.0, 2.0, 284.0, 87.0], [253.0, 0.0, 284.0, 83.0], [253.0, 0.0, 284.0, 81.0], [253.0, 0.0, 284.0, 80.0], [253.0, 0.0, 284.0, 80.0], [254.0, 0.0, 284.0, 78.0], [254.0, 0.0, 284.0, 78.0], [255.0, 0.0, 285.0, 76.0], [258.0, 0.0, 289.0, 74.0]]"
0.37755101919174194,"[1, 2, 3, 4, 5, 6, 7, 8, 9, 10, 11, 12, 13, 14, 15, 16, 17, 18, 19, 20, 21, 22, 23, 24, 25, 26, 27, 28, 29, 30, 31, 32, 33, 34, 35, 36, 37, 38, 39, 40, 41, 42, 43, 44, 45, 46, 47, 48, 49, 50]","[[657.0, 61.0, 694.0, 159.0], [658.0, 63.0, 695.0, 160.0], [658.0, 63.0, 695.0, 163.0], [658.0, 64.0, 695.0, 164.0], [658.0, 65.0, 696.0, 166.0], [658.0, 65.0, 696.0, 166.0], [657.0, 67.0, 695.0, 170.0], [658.0, 68.0, 696.0, 170.0], [658.0, 70.0, 696.0, 172.0], [659.0, 70.0, 696.0, 174.0], [659.0, 71.0, 696.0, 174.0], [659.0, 71.0, 696.0, 174.0], [659.0, 72.0, 696.0, 174.0], [659.0, 72.0, 696.0, 174.0], [659.0, 73.0, 696.0, 174.0], [659.0, 73.0, 696.0, 173.0], [659.0, 73.0, 696.0, 173.0], [659.0, 73.0, 696.0, 173.0], [659.0, 74.0, 696.0, 173.0], [660.0, 74.0, 697.0, 174.0], [658.0, 75.0, 697.0, 178.0], [659.0, 77.0, 697.0, 179.0], [659.0, 78.0, 697.0, 179.0], [659.0, 78.0, 697.0, 179.0], [659.0, 79.0, 697.0, 180.0], [659.0, 80.0, 697.0, 183.0], [660.0, 82.0, 698.0, 183.0], [661.0, 83.0, 698.0, 184.0], [661.0, 83.0, 698.0, 184.0], [661.0, 83.0, 698.0, 184.0], [661.0, 84.0, 698.0, 184.0], [661.0, 84.0, 698.0, 184.0], [661.0, 86.0, 698.0, 186.0], [661.0, 86.0, 698.0, 187.0], [660.0, 87.0, 698.0, 190.0], [660.0, 87.0, 698.0, 190.0], [660.0, 87.0, 698.0, 193.0], [660.0, 88.0, 699.0, 195.0], [658.0, 93.0, 699.0, 197.0], [659.0, 94.0, 699.0, 199.0], [659.0, 95.0, 699.0, 201.0], [659.0, 95.0, 699.0, 201.0], [659.0, 98.0, 699.0, 202.0], [659.0, 99.0, 699.0, 202.0], [659.0, 100.0, 699.0, 202.0], [659.0, 100.0, 699.0, 202.0], [660.0, 101.0, 699.0, 201.0], [660.0, 101.0, 699.0, 201.0], [660.0, 100.0, 699.0, 203.0], [661.0, 101.0, 700.0, 204.0]]"
0.37974682450294495,"[1, 2, 3, 4, 5, 6, 7, 8, 9, 10, 11, 12, 13, 14, 15, 16, 17, 18, 20, 25, 26, 27, 28, 29, 30, 31, 32, 33, 34, 35, 36, 37, 38, 39, 40, 41, 42, 43, 44, 45, 46, 47, 48, 49, 50]","[[726.0, 24.0, 756.0, 103.0], [727.0, 25.0, 756.0, 106.0], [726.0, 28.0, 757.0, 107.0], [727.0, 28.0, 757.0, 107.0], [727.0, 28.0, 757.0, 108.0], [727.0, 28.0, 757.0, 108.0], [727.0, 29.0, 757.0, 109.0], [728.0, 32.0, 757.0, 109.0], [729.0, 33.0, 758.0, 109.0], [728.0, 33.0, 758.0, 109.0], [728.0, 34.0, 758.0, 109.0], [728.0, 33.0, 758.0, 109.0], [728.0, 34.0, 758.0, 109.0], [727.0, 34.0, 758.0, 110.0], [726.0, 33.0, 758.0, 114.0], [726.0, 35.0, 758.0, 115.0], [725.0, 36.0, 758.0, 116.0], [725.0, 36.0, 758.0, 116.0], [725.0, 38.0, 758.0, 118.0], [725.0, 38.0, 758.0, 119.0], [726.0, 39.0, 758.0, 120.0], [727.0, 40.0, 758.0, 121.0], [727.0, 41.0, 758.0, 123.0], [727.0, 42.0, 758.0, 124.0], [727.0, 42.0, 758.0, 124.0], [728.0, 43.0, 758.0, 125.0], [728.0, 45.0, 758.0, 126.0], [730.0, 47.0, 758.0, 128.0], [730.0, 48.0, 759.0, 129.0], [731.0, 48.0, 760.0, 130.0], [731.0, 48.0, 760.0, 130.0], [731.0, 51.0, 761.0, 129.0], [731.0, 51.0, 761.0, 130.0], [731.0, 52.0, 761.0, 131.0], [730.0, 53.0, 762.0, 132.0], [730.0, 53.0, 762.0, 134.0], [730.0, 53.0, 762.0, 134.0], [729.0, 54.0, 762.0, 137.0], [729.0, 55.0, 762.0, 139.0], [729.0, 57.0, 762.0, 142.0], [729.0, 59.0, 762.0, 142.0], [729.0, 60.0, 762.0, 142.0], [729.0, 60.0, 762.0, 142.0], [729.0, 60.0, 762.0, 142.0], [730.0, 61.0, 762.0, 142.0]]"
0.33695653080940247,"[1, 2, 3, 4, 5, 6, 7, 8, 9, 10, 13]","[[532.0, 47.0, 563.0, 139.0], [532.0, 44.0, 565.0, 138.0], [532.0, 44.0, 564.0, 137.0], [532.0, 44.0, 564.0, 136.0], [532.0, 43.0, 564.0, 136.0], [532.0, 43.0, 564.0, 136.0], [532.0, 43.0, 563.0, 135.0], [533.0, 42.0, 562.0, 135.0], [533.0, 41.0, 562.0, 134.0], [533.0, 40.0, 562.0, 134.0], [532.0, 39.0, 561.0, 133.0]]"
0.40425533056259155,"[19, 20, 21, 22]","[[1222.0, 414.0, 1279.0, 555.0], [1222.0, 412.0, 1278.0, 553.0], [1218.0, 405.0, 1277.0, 543.0], [1217.0, 404.0, 1275.0, 537.0]]"
0.5440000295639038,"[9, 10, 11, 12]","[[759.0, 592.0, 827.0, 717.0], [758.0, 589.0, 826.0, 720.0], [757.0, 586.0, 825.0, 720.0], [757.0, 586.0, 825.0, 720.0]]"
0.41860464215278625,"[1, 2, 3, 4, 5, 6, 7, 8, 9, 10, 11, 12, 13, 14, 15, 16, 17, 18, 19, 20, 21, 22, 23, 24, 25, 26, 27, 28, 29, 30, 31, 32, 33, 34, 35, 36, 37, 38, 39, 40, 41, 42, 43, 44, 45, 46, 47, 48, 49, 50]","[[62.0, 83.0, 98.0, 169.0], [61.0, 83.0, 98.0, 169.0], [61.0, 83.0, 98.0, 169.0], [61.0, 83.0, 98.0, 168.0], [61.0, 82.0, 98.0, 169.0], [61.0, 82.0, 98.0, 169.0], [61.0, 83.0, 97.0, 169.0], [61.0, 83.0, 97.0, 169.0], [61.0, 82.0, 97.0, 168.0], [60.0, 82.0, 97.0, 168.0], [60.0, 81.0, 96.0, 168.0], [60.0, 81.0, 96.0, 168.0], [60.0, 81.0, 96.0, 168.0], [60.0, 82.0, 96.0, 167.0], [60.0, 81.0, 95.0, 167.0], [59.0, 81.0, 95.0, 167.0], [59.0, 80.0, 94.0, 167.0], [59.0, 80.0, 94.0, 167.0], [59.0, 80.0, 94.0, 167.0], [58.0, 80.0, 94.0, 166.0], [58.0, 80.0, 93.0, 165.0], [57.0, 80.0, 93.0, 165.0], [57.0, 79.0, 93.0, 165.0], [57.0, 79.0, 93.0, 165.0], [57.0, 79.0, 92.0, 165.0], [57.0, 79.0, 92.0, 165.0], [56.0, 78.0, 92.0, 164.0], [56.0, 78.0, 92.0, 164.0], [56.0, 78.0, 92.0, 164.0], [56.0, 78.0, 92.0, 164.0], [56.0, 77.0, 91.0, 163.0], [56.0, 77.0, 91.0, 163.0], [55.0, 77.0, 91.0, 163.0], [55.0, 77.0, 91.0, 163.0], [55.0, 77.0, 91.0, 163.0], [55.0, 77.0, 91.0, 163.0], [55.0, 77.0, 91.0, 163.0], [55.0, 77.0, 91.0, 163.0], [56.0, 77.0, 91.0, 163.0], [56.0, 77.0, 91.0, 163.0], [56.0, 78.0, 91.0, 163.0], [56.0, 78.0, 91.0, 163.0], [56.0, 77.0, 91.0, 163.0], [56.0, 78.0, 91.0, 163.0], [56.0, 78.0, 91.0, 163.0], [56.0, 78.0, 91.0, 163.0], [56.0, 77.0, 91.0, 163.0], [56.0, 77.0, 91.0, 163.0], [56.0, 78.0, 91.0, 164.0], [56.0, 77.0, 91.0, 164.0]]"
0.5038759708404541,"[1, 2, 3, 4, 5, 6, 7, 8, 9, 10, 11, 12, 13, 14, 22, 23, 24, 25, 27, 28, 29, 30, 31, 32]","[[953.0, 464.0, 1018.0, 593.0], [949.0, 463.0, 1014.0, 593.0], [947.0, 463.0, 1013.0, 593.0], [946.0, 463.0, 1012.0, 592.0], [944.0, 463.0, 1010.0, 591.0], [944.0, 463.0, 1010.0, 591.0], [943.0, 463.0, 1009.0, 592.0], [938.0, 464.0, 1007.0, 592.0], [936.0, 466.0, 1003.0, 593.0], [934.0, 466.0, 1000.0, 592.0], [933.0, 466.0, 997.0, 591.0], [933.0, 466.0, 997.0, 591.0], [932.0, 466.0, 994.0, 591.0], [931.0, 466.0, 991.0, 591.0], [906.0, 467.0, 965.0, 590.0], [899.0, 468.0, 962.0, 589.0], [899.0, 468.0, 962.0, 589.0], [895.0, 467.0, 958.0, 589.0], [885.0, 466.0, 949.0, 587.0], [884.0, 466.0, 947.0, 587.0], [882.0, 465.0, 945.0, 587.0], [882.0, 465.0, 945.0, 587.0], [880.0, 464.0, 943.0, 587.0], [879.0, 464.0, 940.0, 586.0]]"
0.38842976093292236,"[1, 2, 3, 4, 9, 10, 11, 12, 13, 14, 15, 16, 17, 18, 21, 22, 23, 24, 25, 26, 27, 28, 29, 30, 31, 32]","[[171.0, 288.0, 218.0, 409.0], [169.0, 290.0, 217.0, 409.0], [168.0, 291.0, 216.0, 409.0], [167.0, 292.0, 216.0, 407.0], [165.0, 299.0, 216.0, 424.0], [165.0, 301.0, 216.0, 428.0], [164.0, 304.0, 216.0, 429.0], [164.0, 304.0, 216.0, 429.0], [164.0, 306.0, 217.0, 430.0], [164.0, 307.0, 216.0, 434.0], [163.0, 312.0, 216.0, 437.0], [163.0, 314.0, 215.0, 437.0], [162.0, 315.0, 214.0, 437.0], [162.0, 315.0, 214.0, 437.0], [159.0, 321.0, 209.0, 438.0], [159.0, 323.0, 208.0, 440.0], [156.0, 324.0, 207.0, 444.0], [156.0, 324.0, 207.0, 444.0], [155.0, 325.0, 206.0, 450.0], [156.0, 328.0, 206.0, 455.0], [155.0, 333.0, 205.0, 459.0], [155.0, 335.0, 205.0, 460.0], [153.0, 337.0, 205.0, 465.0], [153.0, 337.0, 205.0, 465.0], [152.0, 338.0, 205.0, 468.0], [151.0, 340.0, 204.0, 470.0]]"
0.40776699781417847,"[1, 3, 4, 9, 10, 11, 12, 13, 14, 15, 16, 17, 18, 19, 20, 21, 22, 23, 24, 28, 33, 41, 42, 43, 44, 45, 46, 47, 48, 49, 50]","[[378.0, 173.0, 420.0, 276.0], [377.0, 177.0, 422.0, 278.0], [378.0, 178.0, 422.0, 278.0], [380.0, 185.0, 422.0, 279.0], [380.0, 185.0, 422.0, 280.0], [380.0, 186.0, 422.0, 281.0], [380.0, 186.0, 422.0, 281.0], [379.0, 184.0, 422.0, 286.0], [379.0, 186.0, 422.0, 289.0], [379.0, 185.0, 422.0, 292.0], [379.0, 186.0, 422.0, 292.0], [379.0, 189.0, 422.0, 293.0], [379.0, 189.0, 422.0, 293.0], [379.0, 190.0, 421.0, 294.0], [378.0, 191.0, 421.0, 294.0], [377.0, 192.0, 420.0, 294.0], [377.0, 193.0, 420.0, 294.0], [377.0, 193.0, 421.0, 294.0], [377.0, 193.0, 421.0, 294.0], [377.0, 196.0, 424.0, 301.0], [379.0, 205.0, 426.0, 310.0], [383.0, 213.0, 427.0, 313.0], [383.0, 213.0, 427.0, 313.0], [383.0, 212.0, 428.0, 317.0], [383.0, 214.0, 428.0, 320.0], [384.0, 216.0, 428.0, 327.0], [384.0, 217.0, 427.0, 328.0], [383.0, 218.0, 427.0, 329.0], [383.0, 218.0, 427.0, 329.0], [383.0, 219.0, 427.0, 331.0], [383.0, 222.0, 427.0, 332.0]]"
0.4767441749572754,"[1, 2, 3, 4, 11, 12, 13, 14, 15, 16, 17, 18, 19, 20, 22, 23, 24, 25, 26, 28, 29, 30, 31, 32, 33, 34, 35, 36, 37, 38, 39, 40, 41, 42, 43, 44, 45, 46, 47, 48, 49, 50]","[[132.0, 25.0, 173.0, 111.0], [136.0, 23.0, 175.0, 106.0], [138.0, 21.0, 175.0, 104.0], [140.0, 21.0, 177.0, 102.0], [151.0, 13.0, 189.0, 99.0], [151.0, 13.0, 189.0, 99.0], [153.0, 13.0, 191.0, 98.0], [155.0, 12.0, 194.0, 99.0], [158.0, 8.0, 196.0, 95.0], [159.0, 8.0, 197.0, 94.0], [161.0, 7.0, 198.0, 91.0], [161.0, 7.0, 198.0, 91.0], [162.0, 7.0, 198.0, 89.0], [164.0, 6.0, 200.0, 88.0], [167.0, 3.0, 204.0, 86.0], [168.0, 2.0, 207.0, 84.0], [168.0, 2.0, 207.0, 84.0], [170.0, 1.0, 209.0, 84.0], [171.0, 1.0, 212.0, 83.0], [176.0, 0.0, 218.0, 83.0], [177.0, 0.0, 218.0, 83.0], [177.0, 0.0, 218.0, 83.0], [179.0, 0.0, 220.0, 83.0], [182.0, 0.0, 219.0, 82.0], [184.0, 0.0, 221.0, 79.0], [186.0, 0.0, 222.0, 77.0], [187.0, 0.0, 223.0, 76.0], [187.0, 0.0, 223.0, 76.0], [190.0, 0.0, 223.0, 75.0], [192.0, 0.0, 225.0, 74.0], [194.0, 0.0, 230.0, 73.0], [199.0, 0.0, 232.0, 72.0], [201.0, 0.0, 233.0, 71.0], [201.0, 0.0, 233.0, 71.0], [202.0, 0.0, 235.0, 72.0], [204.0, 0.0, 237.0, 72.0], [207.0, 0.0, 241.0, 69.0], [208.0, 0.0, 242.0, 68.0], [209.0, 0.0, 244.0, 69.0], [209.0, 0.0, 244.0, 69.0], [211.0, 0.0, 245.0, 67.0], [213.0, 0.0, 246.0, 65.0]]"
0.42105263471603394,"[1, 2, 3, 4, 5, 6, 7, 8, 9, 10, 11, 12, 13, 14, 15, 16, 17, 18, 19, 20, 21, 22, 23, 24, 25, 26, 27, 28, 29, 30, 31, 32, 33, 34, 35, 36, 37, 38, 39, 40, 41, 42, 44, 45, 46, 47, 48, 49, 50]","[[963.0, 207.0, 1011.0, 321.0], [966.0, 209.0, 1013.0, 322.0], [967.0, 211.0, 1013.0, 322.0], [967.0, 212.0, 1015.0, 322.0], [969.0, 213.0, 1016.0, 322.0], [969.0, 213.0, 1016.0, 322.0], [970.0, 214.0, 1017.0, 323.0], [971.0, 216.0, 1018.0, 329.0], [972.0, 222.0, 1020.0, 335.0], [973.0, 224.0, 1021.0, 338.0], [974.0, 227.0, 1022.0, 339.0], [974.0, 227.0, 1022.0, 339.0], [975.0, 229.0, 1023.0, 341.0], [976.0, 230.0, 1025.0, 344.0], [978.0, 232.0, 1027.0, 347.0], [978.0, 232.0, 1029.0, 348.0], [979.0, 234.0, 1029.0, 348.0], [979.0, 234.0, 1029.0, 348.0], [981.0, 235.0, 1030.0, 348.0], [982.0, 236.0, 1031.0, 348.0], [982.0, 239.0, 1034.0, 354.0], [982.0, 241.0, 1034.0, 358.0], [983.0, 242.0, 1035.0, 361.0], [983.0, 242.0, 1035.0, 361.0], [984.0, 245.0, 1037.0, 364.0], [985.0, 247.0, 1037.0, 368.0], [987.0, 252.0, 1039.0, 373.0], [988.0, 253.0, 1040.0, 374.0], [989.0, 257.0, 1041.0, 375.0], [989.0, 257.0, 1041.0, 375.0], [991.0, 257.0, 1042.0, 375.0], [992.0, 259.0, 1042.0, 375.0], [995.0, 263.0, 1045.0, 374.0], [995.0, 265.0, 1045.0, 378.0], [997.0, 268.0, 1046.0, 383.0], [997.0, 267.0, 1046.0, 383.0], [998.0, 270.0, 1047.0, 384.0], [998.0, 275.0, 1048.0, 389.0], [999.0, 279.0, 1051.0, 394.0], [1001.0, 282.0, 1053.0, 398.0], [1002.0, 284.0, 1055.0, 401.0], [1002.0, 284.0, 1055.0, 401.0], [1006.0, 287.0, 1059.0, 406.0], [1009.0, 292.0, 1060.0, 407.0], [1010.0, 293.0, 1062.0, 408.0], [1011.0, 295.0, 1063.0, 409.0], [1011.0, 295.0, 1063.0, 409.0], [1011.0, 297.0, 1064.0, 415.0], [1012.0, 300.0, 1066.0, 423.0]]"
0.42500001192092896,"[19, 21, 22, 23, 24]","[[725.0, 37.0, 759.0, 117.0], [724.0, 39.0, 758.0, 120.0], [724.0, 40.0, 758.0, 119.0], [724.0, 39.0, 758.0, 119.0], [724.0, 39.0, 758.0, 119.0]]"
0.41489362716674805,"[1, 2, 3, 4, 5, 6, 7, 8, 9, 10, 11, 12, 13, 14, 15, 16, 17, 18, 19, 20, 21, 22, 23, 24, 25, 26, 27, 28, 29, 30, 31, 32, 33, 34, 35, 36, 37, 38, 39, 40, 41, 42, 43, 44, 45, 46, 47, 48, 49, 50]","[[617.0, 111.0, 656.0, 205.0], [617.0, 113.0, 656.0, 211.0], [617.0, 114.0, 657.0, 212.0], [617.0, 116.0, 657.0, 213.0], [617.0, 117.0, 656.0, 214.0], [617.0, 117.0, 656.0, 214.0], [617.0, 117.0, 656.0, 215.0], [616.0, 118.0, 656.0, 216.0], [616.0, 120.0, 655.0, 216.0], [616.0, 121.0, 655.0, 216.0], [616.0, 121.0, 655.0, 216.0], [616.0, 121.0, 655.0, 216.0], [616.0, 121.0, 654.0, 217.0], [616.0, 122.0, 654.0, 218.0], [616.0, 122.0, 654.0, 221.0], [616.0, 123.0, 654.0, 223.0], [615.0, 124.0, 654.0, 225.0], [615.0, 124.0, 654.0, 225.0], [616.0, 126.0, 654.0, 227.0], [615.0, 127.0, 654.0, 227.0], [616.0, 129.0, 654.0, 230.0], [616.0, 130.0, 655.0, 231.0], [616.0, 131.0, 655.0, 230.0], [616.0, 131.0, 655.0, 230.0], [616.0, 132.0, 655.0, 230.0], [616.0, 132.0, 656.0, 230.0], [616.0, 133.0, 656.0, 230.0], [617.0, 134.0, 656.0, 230.0], [617.0, 135.0, 656.0, 232.0], [617.0, 135.0, 656.0, 232.0], [617.0, 135.0, 656.0, 234.0], [616.0, 136.0, 656.0, 236.0], [615.0, 138.0, 656.0, 240.0], [615.0, 139.0, 656.0, 241.0], [615.0, 141.0, 655.0, 243.0], [615.0, 141.0, 655.0, 243.0], [615.0, 142.0, 655.0, 245.0], [614.0, 143.0, 655.0, 245.0], [614.0, 146.0, 654.0, 246.0], [613.0, 147.0, 654.0, 246.0], [614.0, 148.0, 654.0, 248.0], [614.0, 148.0, 654.0, 248.0], [613.0, 149.0, 654.0, 248.0], [613.0, 150.0, 654.0, 249.0], [613.0, 152.0, 654.0, 253.0], [613.0, 152.0, 655.0, 256.0], [613.0, 154.0, 655.0, 259.0], [613.0, 154.0, 655.0, 259.0], [613.0, 155.0, 655.0, 260.0], [613.0, 157.0, 655.0, 263.0]]"
0.4344262182712555,"[1, 2, 3, 4, 5, 6, 7, 8, 9, 10, 11, 12, 13, 14, 15, 16, 17, 18, 19, 20, 21, 22, 23, 24, 25, 26, 27, 28, 29, 30, 31, 32, 33, 34, 35, 36, 37, 38, 39, 40, 41, 42, 43, 44, 45, 46, 47, 48, 49, 50]","[[975.0, 309.0, 1028.0, 431.0], [977.0, 312.0, 1030.0, 434.0], [978.0, 314.0, 1030.0, 434.0], [979.0, 315.0, 1031.0, 435.0], [981.0, 316.0, 1032.0, 434.0], [981.0, 316.0, 1032.0, 434.0], [981.0, 317.0, 1033.0, 434.0], [982.0, 319.0, 1034.0, 434.0], [983.0, 323.0, 1035.0, 437.0], [983.0, 325.0, 1036.0, 442.0], [983.0, 327.0, 1038.0, 448.0], [983.0, 327.0, 1038.0, 448.0], [984.0, 329.0, 1039.0, 453.0], [986.0, 331.0, 1040.0, 457.0], [988.0, 334.0, 1041.0, 459.0], [989.0, 336.0, 1043.0, 461.0], [991.0, 338.0, 1044.0, 462.0], [991.0, 338.0, 1044.0, 462.0], [992.0, 338.0, 1045.0, 462.0], [993.0, 340.0, 1045.0, 462.0], [995.0, 342.0, 1047.0, 462.0], [995.0, 345.0, 1048.0, 462.0], [997.0, 346.0, 1049.0, 463.0], [997.0, 346.0, 1049.0, 463.0], [997.0, 349.0, 1051.0, 468.0], [997.0, 351.0, 1052.0, 475.0], [998.0, 356.0, 1054.0, 484.0], [998.0, 357.0, 1055.0, 488.0], [999.0, 361.0, 1056.0, 490.0], [999.0, 361.0, 1056.0, 490.0], [1001.0, 364.0, 1057.0, 492.0], [1002.0, 365.0, 1058.0, 496.0], [1004.0, 369.0, 1060.0, 493.0], [1005.0, 371.0, 1061.0, 493.0], [1006.0, 372.0, 1061.0, 495.0], [1006.0, 372.0, 1061.0, 495.0], [1006.0, 373.0, 1063.0, 495.0], [1007.0, 374.0, 1064.0, 495.0], [1009.0, 380.0, 1066.0, 504.0], [1010.0, 383.0, 1067.0, 511.0], [1010.0, 387.0, 1068.0, 518.0], [1010.0, 387.0, 1068.0, 517.0], [1011.0, 390.0, 1069.0, 521.0], [1013.0, 393.0, 1070.0, 526.0], [1014.0, 398.0, 1073.0, 530.0], [1018.0, 400.0, 1074.0, 531.0], [1019.0, 401.0, 1076.0, 532.0], [1019.0, 401.0, 1076.0, 532.0], [1022.0, 403.0, 1078.0, 532.0], [1024.0, 406.0, 1080.0, 533.0]]"
0.4038461446762085,"[1, 2, 3, 4, 5, 6, 7, 8, 9, 10, 11, 12, 13, 14, 15, 16, 17, 18, 19, 20, 21, 22, 23, 24, 25, 26, 27, 28, 29, 30, 31, 32, 33, 34, 35, 36, 37, 38, 39, 40, 41, 42, 43, 44, 45, 46, 47, 48, 49, 50]","[[470.0, 155.0, 512.0, 259.0], [471.0, 151.0, 511.0, 253.0], [472.0, 149.0, 511.0, 250.0], [472.0, 148.0, 512.0, 248.0], [473.0, 146.0, 512.0, 248.0], [473.0, 146.0, 512.0, 248.0], [473.0, 144.0, 513.0, 249.0], [473.0, 144.0, 513.0, 248.0], [472.0, 141.0, 513.0, 247.0], [473.0, 140.0, 513.0, 247.0], [473.0, 139.0, 513.0, 246.0], [473.0, 139.0, 513.0, 246.0], [472.0, 137.0, 513.0, 243.0], [473.0, 136.0, 512.0, 242.0], [471.0, 133.0, 512.0, 236.0], [471.0, 131.0, 511.0, 233.0], [471.0, 130.0, 511.0, 231.0], [471.0, 129.0, 511.0, 231.0], [471.0, 127.0, 510.0, 229.0], [470.0, 126.0, 509.0, 227.0], [468.0, 123.0, 508.0, 225.0], [467.0, 122.0, 507.0, 225.0], [466.0, 121.0, 506.0, 224.0], [466.0, 121.0, 506.0, 224.0], [466.0, 120.0, 506.0, 223.0], [465.0, 119.0, 506.0, 222.0], [464.0, 116.0, 505.0, 217.0], [464.0, 114.0, 504.0, 216.0], [464.0, 113.0, 504.0, 214.0], [464.0, 113.0, 504.0, 214.0], [464.0, 111.0, 504.0, 210.0], [465.0, 109.0, 504.0, 209.0], [466.0, 107.0, 504.0, 206.0], [466.0, 106.0, 505.0, 206.0], [466.0, 105.0, 505.0, 206.0], [466.0, 105.0, 505.0, 206.0], [466.0, 105.0, 505.0, 206.0], [466.0, 105.0, 505.0, 205.0], [467.0, 103.0, 505.0, 204.0], [467.0, 101.0, 505.0, 204.0], [467.0, 100.0, 505.0, 202.0], [467.0, 100.0, 505.0, 202.0], [467.0, 99.0, 506.0, 200.0], [467.0, 98.0, 505.0, 198.0], [467.0, 94.0, 505.0, 193.0], [467.0, 92.0, 505.0, 191.0], [467.0, 91.0, 504.0, 190.0], [467.0, 91.0, 504.0, 190.0], [467.0, 91.0, 503.0, 189.0], [466.0, 89.0, 503.0, 188.0]]"
0.4761904776096344,"[1, 2, 3, 4, 9, 10, 11, 12, 13, 14, 15, 16, 17, 18, 19, 20, 21, 22, 23, 24, 25, 26, 27, 28, 29, 30, 31, 32, 33, 34, 35, 36, 37, 38, 39, 40, 41, 42, 43, 44, 45, 46, 47, 48, 49, 50]","[[759.0, 333.0, 809.0, 438.0], [758.0, 330.0, 808.0, 432.0], [757.0, 326.0, 808.0, 431.0], [757.0, 324.0, 807.0, 426.0], [759.0, 315.0, 807.0, 413.0], [759.0, 312.0, 808.0, 412.0], [759.0, 312.0, 808.0, 412.0], [759.0, 312.0, 808.0, 412.0], [760.0, 310.0, 807.0, 412.0], [760.0, 309.0, 808.0, 412.0], [761.0, 306.0, 808.0, 409.0], [761.0, 304.0, 808.0, 408.0], [762.0, 302.0, 809.0, 405.0], [762.0, 302.0, 809.0, 405.0], [763.0, 301.0, 809.0, 401.0], [763.0, 299.0, 809.0, 397.0], [763.0, 294.0, 808.0, 390.0], [762.0, 293.0, 808.0, 389.0], [762.0, 291.0, 808.0, 387.0], [762.0, 291.0, 808.0, 387.0], [762.0, 291.0, 807.0, 385.0], [762.0, 291.0, 807.0, 386.0], [762.0, 287.0, 808.0, 384.0], [761.0, 286.0, 808.0, 383.0], [760.0, 283.0, 808.0, 384.0], [760.0, 283.0, 808.0, 384.0], [761.0, 281.0, 808.0, 384.0], [761.0, 279.0, 808.0, 383.0], [760.0, 276.0, 809.0, 377.0], [760.0, 274.0, 808.0, 374.0], [761.0, 273.0, 808.0, 370.0], [761.0, 273.0, 808.0, 370.0], [761.0, 271.0, 808.0, 367.0], [761.0, 270.0, 808.0, 364.0], [763.0, 268.0, 808.0, 362.0], [764.0, 267.0, 809.0, 363.0], [765.0, 266.0, 809.0, 362.0], [765.0, 266.0, 809.0, 362.0], [765.0, 265.0, 811.0, 362.0], [766.0, 264.0, 810.0, 362.0], [767.0, 262.0, 811.0, 361.0], [768.0, 261.0, 812.0, 359.0], [768.0, 258.0, 812.0, 358.0], [768.0, 258.0, 812.0, 358.0], [769.0, 256.0, 813.0, 355.0], [770.0, 255.0, 813.0, 352.0]]"
0.44999998807907104,"[2, 5, 6, 7, 8, 25, 26, 27, 29, 30, 31, 32, 34, 35, 36, 37, 38, 39, 40]","[[377.0, 177.0, 422.0, 277.0], [378.0, 181.0, 422.0, 279.0], [378.0, 181.0, 422.0, 279.0], [379.0, 183.0, 423.0, 279.0], [379.0, 184.0, 422.0, 278.0], [376.0, 194.0, 422.0, 294.0], [376.0, 195.0, 422.0, 294.0], [376.0, 195.0, 424.0, 296.0], [377.0, 198.0, 425.0, 305.0], [377.0, 198.0, 425.0, 305.0], [377.0, 199.0, 425.0, 306.0], [378.0, 202.0, 426.0, 308.0], [380.0, 206.0, 427.0, 310.0], [380.0, 207.0, 427.0, 310.0], [380.0, 207.0, 427.0, 310.0], [381.0, 208.0, 427.0, 310.0], [381.0, 210.0, 428.0, 310.0], [382.0, 212.0, 428.0, 311.0], [383.0, 215.0, 427.0, 311.0]]"
0.7070707082748413,"[2, 3]","[[760.0, 619.0, 830.0, 718.0], [760.0, 616.0, 830.0, 717.0]]"
0.4193548262119293,"[2, 3, 4, 5, 6, 7, 8, 9, 10, 11, 12, 13, 14, 15, 16, 17, 18, 19, 20, 21, 22, 23, 24, 25, 26, 27, 28, 29, 30, 31, 32, 33, 34, 35, 36, 37, 38, 39, 43, 44, 45, 46, 47, 48, 49, 50]","[[1196.0, 94.0, 1235.0, 187.0], [1196.0, 95.0, 1235.0, 188.0], [1196.0, 96.0, 1235.0, 190.0], [1197.0, 99.0, 1236.0, 191.0], [1197.0, 99.0, 1236.0, 191.0], [1197.0, 99.0, 1237.0, 191.0], [1197.0, 99.0, 1237.0, 191.0], [1199.0, 99.0, 1239.0, 192.0], [1200.0, 99.0, 1240.0, 192.0], [1200.0, 100.0, 1240.0, 192.0], [1200.0, 100.0, 1240.0, 192.0], [1200.0, 100.0, 1240.0, 192.0], [1200.0, 100.0, 1240.0, 191.0], [1201.0, 100.0, 1240.0, 195.0], [1202.0, 103.0, 1241.0, 196.0], [1202.0, 104.0, 1241.0, 200.0], [1202.0, 104.0, 1241.0, 200.0], [1202.0, 106.0, 1241.0, 202.0], [1202.0, 108.0, 1240.0, 203.0], [1202.0, 109.0, 1240.0, 207.0], [1202.0, 110.0, 1240.0, 208.0], [1202.0, 111.0, 1240.0, 209.0], [1202.0, 111.0, 1240.0, 209.0], [1202.0, 112.0, 1240.0, 208.0], [1203.0, 113.0, 1241.0, 208.0], [1203.0, 113.0, 1242.0, 207.0], [1204.0, 114.0, 1243.0, 207.0], [1204.0, 115.0, 1242.0, 207.0], [1204.0, 115.0, 1242.0, 207.0], [1205.0, 116.0, 1243.0, 208.0], [1205.0, 117.0, 1244.0, 211.0], [1207.0, 119.0, 1247.0, 218.0], [1207.0, 121.0, 1248.0, 220.0], [1207.0, 122.0, 1248.0, 221.0], [1207.0, 122.0, 1248.0, 221.0], [1207.0, 125.0, 1249.0, 222.0], [1208.0, 127.0, 1251.0, 223.0], [1209.0, 129.0, 1253.0, 226.0], [1213.0, 131.0, 1256.0, 227.0], [1215.0, 131.0, 1257.0, 227.0], [1218.0, 131.0, 1259.0, 228.0], [1219.0, 132.0, 1260.0, 228.0], [1220.0, 134.0, 1260.0, 231.0], [1220.0, 134.0, 1260.0, 231.0], [1222.0, 136.0, 1261.0, 234.0], [1222.0, 136.0, 1262.0, 239.0]]"
0.4597701132297516,"[3, 10]","[[1150.0, 46.0, 1190.0, 133.0], [1156.0, 56.0, 1191.0, 137.0]]"
0.6538461446762085,"[4, 5, 6]","[[760.0, 615.0, 828.0, 719.0], [760.0, 610.0, 829.0, 718.0], [760.0, 610.0, 829.0, 718.0]]"
0.2800000011920929,"[5, 6, 7]","[[1237.0, 439.0, 1279.0, 589.0], [1237.0, 439.0, 1279.0, 589.0], [1237.0, 436.0, 1280.0, 580.0]]"
0.42168673872947693,"[5, 6, 7, 8, 9, 10, 21]","[[142.0, 19.0, 177.0, 102.0], [142.0, 19.0, 177.0, 102.0], [144.0, 17.0, 178.0, 102.0], [144.0, 17.0, 180.0, 100.0], [148.0, 15.0, 184.0, 102.0], [150.0, 14.0, 187.0, 99.0], [166.0, 4.0, 202.0, 87.0]]"
0.43478259444236755,"[5, 6, 7, 8, 19, 20]","[[166.0, 293.0, 216.0, 408.0], [166.0, 293.0, 216.0, 408.0], [166.0, 295.0, 216.0, 408.0], [165.0, 296.0, 216.0, 411.0], [161.0, 316.0, 213.0, 437.0], [160.0, 317.0, 212.0, 437.0]]"
0.5204081535339355,"[5, 6, 7, 8]","[[757.0, 323.0, 808.0, 421.0], [757.0, 323.0, 808.0, 421.0], [757.0, 321.0, 808.0, 419.0], [757.0, 319.0, 808.0, 416.0]]"
0.4492753744125366,"[7, 9, 10, 13, 14]","[[482.0, 0.0, 513.0, 69.0], [481.0, 0.0, 512.0, 68.0], [481.0, 0.0, 512.0, 68.0], [482.0, 0.0, 513.0, 67.0], [482.0, 0.0, 513.0, 67.0]]"
0.6052631735801697,"[7, 8]","[[759.0, 605.0, 828.0, 719.0], [759.0, 600.0, 829.0, 717.0]]"
0.36231884360313416,"[8, 13, 14, 15, 16, 19, 20, 21, 22, 22, 23, 23, 24, 24, 25, 25, 26, 26, 27, 28, 29, 30, 31, 32, 33, 34, 35, 36, 37, 38, 39, 40, 40, 41, 42, 43, 43, 44, 44, 45, 46, 46, 47, 47, 48, 48, 49, 49, 50, 50]","[[847.0, 16.0, 872.0, 85.0], [870.0, 0.0, 897.0, 74.0], [845.0, 22.0, 869.0, 85.0], [845.0, 21.0, 868.0, 85.0], [845.0, 22.0, 868.0, 84.0], [844.0, 21.0, 868.0, 82.0], [844.0, 20.0, 867.0, 83.0], [844.0, 20.0, 867.0, 81.0], [844.0, 20.0, 867.0, 80.0], [868.0, 0.0, 895.0, 75.0], [843.0, 20.0, 866.0, 80.0], [867.0, 0.0, 894.0, 75.0], [843.0, 20.0, 865.0, 80.0], [867.0, 0.0, 894.0, 75.0], [843.0, 20.0, 865.0, 81.0], [867.0, 0.0, 894.0, 75.0], [842.0, 20.0, 864.0, 81.0], [867.0, 0.0, 894.0, 75.0], [866.0, 0.0, 893.0, 73.0], [865.0, 0.0, 893.0, 73.0], [866.0, 0.0, 893.0, 73.0], [866.0, 0.0, 893.0, 73.0], [865.0, 0.0, 893.0, 73.0], [865.0, 0.0, 892.0, 73.0], [865.0, 0.0, 891.0, 71.0], [865.0, 0.0, 891.0, 70.0], [865.0, 0.0, 891.0, 70.0], [865.0, 0.0, 891.0, 70.0], [865.0, 0.0, 891.0, 70.0], [864.0, 0.0, 891.0, 70.0], [864.0, 0.0, 890.0, 70.0], [839.0, 18.0, 862.0, 81.0], [864.0, 0.0, 890.0, 70.0], [864.0, 0.0, 890.0, 70.0], [864.0, 0.0, 890.0, 70.0], [839.0, 18.0, 862.0, 82.0], [864.0, 0.0, 890.0, 70.0], [839.0, 18.0, 862.0, 82.0], [864.0, 0.0, 890.0, 70.0], [864.0, 0.0, 891.0, 72.0], [839.0, 17.0, 863.0, 82.0], [864.0, 0.0, 890.0, 70.0], [839.0, 16.0, 863.0, 82.0], [865.0, 0.0, 890.0, 70.0], [839.0, 16.0, 863.0, 82.0], [865.0, 0.0, 890.0, 70.0], [839.0, 16.0, 863.0, 82.0], [864.0, 0.0, 890.0, 70.0], [839.0, 17.0, 863.0, 82.0], [864.0, 0.0, 890.0, 70.0]]"
0.3177570104598999,"[8, 9, 10, 11, 12, 17, 18, 25, 26, 44, 47, 48]","[[229.0, 323.0, 263.0, 430.0], [229.0, 322.0, 262.0, 430.0], [228.0, 321.0, 262.0, 429.0], [228.0, 321.0, 263.0, 429.0], [228.0, 321.0, 263.0, 429.0], [227.0, 320.0, 262.0, 429.0], [227.0, 320.0, 262.0, 429.0], [225.0, 318.0, 261.0, 430.0], [225.0, 317.0, 261.0, 431.0], [223.0, 314.0, 259.0, 427.0], [223.0, 315.0, 259.0, 427.0], [223.0, 315.0, 259.0, 427.0]]"
0.5491803288459778,"[9, 10, 11, 12, 13, 14, 27, 28, 29, 30, 31, 32, 33, 34, 35, 36, 37, 38, 39]","[[28.0, 532.0, 95.0, 654.0], [30.0, 530.0, 96.0, 659.0], [31.0, 532.0, 99.0, 658.0], [31.0, 532.0, 99.0, 658.0], [32.0, 532.0, 102.0, 658.0], [32.0, 534.0, 105.0, 658.0], [47.0, 543.0, 120.0, 668.0], [48.0, 543.0, 119.0, 668.0], [50.0, 544.0, 120.0, 668.0], [50.0, 544.0, 120.0, 668.0], [52.0, 545.0, 120.0, 668.0], [53.0, 545.0, 121.0, 668.0], [55.0, 547.0, 122.0, 668.0], [57.0, 547.0, 123.0, 668.0], [55.0, 548.0, 124.0, 671.0], [55.0, 548.0, 124.0, 671.0], [56.0, 549.0, 124.0, 673.0], [57.0, 549.0, 125.0, 676.0], [60.0, 550.0, 126.0, 677.0]]"
0.2947368323802948,"[11, 12, 14, 15, 16, 17, 18, 19, 20, 21, 22, 23, 24, 25, 26, 27, 28, 29, 30, 31, 32, 33, 34, 35, 36, 37, 38, 39, 40, 41, 42, 43, 44, 45, 46, 47, 48, 49, 50]","[[533.0, 39.0, 561.0, 134.0], [533.0, 39.0, 561.0, 134.0], [532.0, 38.0, 560.0, 134.0], [533.0, 39.0, 559.0, 134.0], [532.0, 39.0, 559.0, 133.0], [532.0, 38.0, 559.0, 133.0], [532.0, 38.0, 559.0, 133.0], [532.0, 37.0, 559.0, 132.0], [532.0, 37.0, 559.0, 133.0], [531.0, 35.0, 558.0, 133.0], [531.0, 35.0, 558.0, 133.0], [531.0, 34.0, 558.0, 132.0], [531.0, 34.0, 558.0, 132.0], [531.0, 34.0, 558.0, 131.0], [530.0, 33.0, 558.0, 131.0], [530.0, 32.0, 557.0, 130.0], [530.0, 32.0, 557.0, 129.0], [530.0, 31.0, 557.0, 130.0], [530.0, 31.0, 557.0, 130.0], [530.0, 31.0, 557.0, 129.0], [529.0, 30.0, 557.0, 129.0], [529.0, 30.0, 557.0, 128.0], [529.0, 30.0, 557.0, 128.0], [529.0, 29.0, 557.0, 127.0], [529.0, 29.0, 557.0, 128.0], [529.0, 29.0, 557.0, 127.0], [529.0, 29.0, 558.0, 127.0], [529.0, 29.0, 557.0, 127.0], [529.0, 29.0, 557.0, 127.0], [529.0, 29.0, 557.0, 126.0], [529.0, 29.0, 557.0, 126.0], [529.0, 29.0, 557.0, 125.0], [529.0, 29.0, 557.0, 124.0], [530.0, 29.0, 557.0, 125.0], [530.0, 28.0, 557.0, 125.0], [530.0, 28.0, 557.0, 126.0], [530.0, 28.0, 557.0, 125.0], [531.0, 29.0, 558.0, 125.0], [531.0, 29.0, 558.0, 125.0]]"
0.38260868191719055,"[11, 12, 13, 14, 15, 16, 19, 20, 21, 22, 23, 24, 25, 26, 27, 28, 29, 30, 31, 32, 33, 34, 35, 36, 37, 38, 39, 40, 41, 42, 43, 44, 45, 46, 47, 48, 49, 50]","[[502.0, 274.0, 546.0, 389.0], [502.0, 274.0, 546.0, 389.0], [502.0, 273.0, 546.0, 389.0], [502.0, 272.0, 546.0, 388.0], [501.0, 269.0, 545.0, 385.0], [501.0, 266.0, 545.0, 381.0], [501.0, 262.0, 544.0, 375.0], [501.0, 261.0, 544.0, 371.0], [500.0, 255.0, 544.0, 365.0], [500.0, 253.0, 545.0, 362.0], [500.0, 251.0, 544.0, 360.0], [500.0, 251.0, 544.0, 359.0], [499.0, 248.0, 544.0, 358.0], [499.0, 247.0, 544.0, 357.0], [499.0, 245.0, 544.0, 356.0], [500.0, 244.0, 544.0, 356.0], [500.0, 243.0, 544.0, 356.0], [500.0, 243.0, 544.0, 356.0], [500.0, 241.0, 544.0, 354.0], [501.0, 240.0, 545.0, 353.0], [501.0, 235.0, 545.0, 345.0], [502.0, 232.0, 545.0, 342.0], [502.0, 231.0, 544.0, 338.0], [502.0, 231.0, 544.0, 338.0], [502.0, 230.0, 544.0, 336.0], [502.0, 228.0, 545.0, 336.0], [502.0, 224.0, 545.0, 334.0], [502.0, 223.0, 545.0, 333.0], [502.0, 223.0, 545.0, 331.0], [502.0, 223.0, 545.0, 331.0], [502.0, 222.0, 545.0, 330.0], [502.0, 221.0, 545.0, 329.0], [501.0, 218.0, 543.0, 327.0], [501.0, 216.0, 542.0, 326.0], [500.0, 215.0, 541.0, 324.0], [500.0, 215.0, 541.0, 324.0], [500.0, 213.0, 541.0, 322.0], [500.0, 211.0, 540.0, 319.0]]"
0.5571428537368774,"[13, 14, 15, 16, 17, 18, 19, 20, 23, 24, 25, 26, 27, 28, 29, 30, 31, 32, 33, 34, 35, 36, 37, 38, 39, 40, 41, 42, 43, 44, 45, 46, 47, 48, 49, 50]","[[1155.0, 57.0, 1194.0, 127.0], [1156.0, 57.0, 1193.0, 124.0], [1157.0, 58.0, 1194.0, 124.0], [1157.0, 57.0, 1194.0, 125.0], [1156.0, 58.0, 1197.0, 128.0], [1156.0, 58.0, 1197.0, 128.0], [1156.0, 59.0, 1197.0, 130.0], [1156.0, 59.0, 1197.0, 129.0], [1157.0, 63.0, 1195.0, 133.0], [1157.0, 63.0, 1195.0, 133.0], [1157.0, 65.0, 1195.0, 135.0], [1158.0, 67.0, 1195.0, 136.0], [1158.0, 69.0, 1196.0, 137.0], [1158.0, 70.0, 1198.0, 139.0], [1159.0, 71.0, 1198.0, 139.0], [1159.0, 71.0, 1198.0, 139.0], [1159.0, 71.0, 1196.0, 139.0], [1158.0, 71.0, 1198.0, 141.0], [1158.0, 71.0, 1199.0, 144.0], [1158.0, 72.0, 1199.0, 147.0], [1159.0, 72.0, 1200.0, 147.0], [1159.0, 72.0, 1200.0, 147.0], [1159.0, 72.0, 1200.0, 150.0], [1159.0, 72.0, 1200.0, 151.0], [1160.0, 74.0, 1201.0, 151.0], [1160.0, 75.0, 1202.0, 152.0], [1160.0, 78.0, 1202.0, 150.0], [1160.0, 78.0, 1202.0, 150.0], [1161.0, 81.0, 1202.0, 151.0], [1161.0, 82.0, 1202.0, 154.0], [1162.0, 84.0, 1201.0, 154.0], [1162.0, 86.0, 1202.0, 154.0], [1161.0, 87.0, 1203.0, 166.0], [1161.0, 87.0, 1203.0, 166.0], [1162.0, 88.0, 1204.0, 167.0], [1162.0, 88.0, 1204.0, 168.0]]"
0.4852941036224365,"[13, 14, 15]","[[756.0, 582.0, 822.0, 718.0], [756.0, 579.0, 821.0, 715.0], [754.0, 572.0, 818.0, 715.0]]"
0.5079365372657776,"[15, 16]","[[483.0, 0.0, 515.0, 63.0], [483.0, 0.0, 515.0, 61.0]]"
0.28155338764190674,[15],"[[805.0, 62.0, 834.0, 165.0]]"
0.46078431606292725,[15],"[[1134.0, 103.0, 1181.0, 205.0]]"
0.631147563457489,"[15, 16, 17, 18, 21, 22, 23, 24, 25, 26]","[[32.0, 536.0, 109.0, 658.0], [34.0, 536.0, 115.0, 658.0], [35.0, 538.0, 116.0, 659.0], [35.0, 538.0, 116.0, 659.0], [39.0, 543.0, 119.0, 664.0], [40.0, 544.0, 119.0, 665.0], [41.0, 544.0, 118.0, 666.0], [41.0, 544.0, 118.0, 666.0], [43.0, 544.0, 118.0, 667.0], [45.0, 544.0, 119.0, 667.0]]"
0.4471544623374939,"[15, 16, 17, 18, 19, 20, 21]","[[929.0, 467.0, 984.0, 590.0], [927.0, 466.0, 981.0, 590.0], [924.0, 467.0, 979.0, 589.0], [924.0, 467.0, 979.0, 589.0], [921.0, 467.0, 976.0, 589.0], [919.0, 466.0, 973.0, 589.0], [911.0, 467.0, 968.0, 590.0]]"
0.4444444477558136,"[16, 17, 18, 19, 20, 21, 22, 23, 24, 25, 26, 27, 29, 30, 31, 32, 33, 34, 35, 36, 37, 38, 39, 40, 41, 42, 43, 44, 45, 46, 47, 48, 49, 50]","[[753.0, 570.0, 817.0, 714.0], [751.0, 567.0, 815.0, 715.0], [751.0, 567.0, 815.0, 715.0], [751.0, 565.0, 814.0, 714.0], [750.0, 562.0, 814.0, 713.0], [748.0, 556.0, 811.0, 709.0], [747.0, 552.0, 810.0, 700.0], [745.0, 549.0, 808.0, 696.0], [744.0, 549.0, 808.0, 696.0], [744.0, 545.0, 806.0, 686.0], [744.0, 542.0, 806.0, 676.0], [743.0, 536.0, 804.0, 667.0], [740.0, 530.0, 803.0, 662.0], [740.0, 530.0, 803.0, 662.0], [739.0, 526.0, 803.0, 661.0], [739.0, 524.0, 802.0, 664.0], [738.0, 519.0, 801.0, 661.0], [736.0, 516.0, 800.0, 661.0], [737.0, 512.0, 800.0, 661.0], [737.0, 512.0, 800.0, 661.0], [736.0, 511.0, 799.0, 661.0], [736.0, 507.0, 799.0, 653.0], [735.0, 501.0, 796.0, 641.0], [735.0, 498.0, 795.0, 633.0], [734.0, 495.0, 794.0, 624.0], [734.0, 495.0, 794.0, 624.0], [733.0, 492.0, 793.0, 620.0], [732.0, 489.0, 793.0, 617.0], [729.0, 485.0, 790.0, 615.0], [728.0, 482.0, 789.0, 617.0], [728.0, 481.0, 788.0, 617.0], [728.0, 481.0, 788.0, 617.0], [727.0, 478.0, 786.0, 617.0], [726.0, 475.0, 785.0, 617.0]]"
0.568965494632721,"[17, 18, 19, 27]","[[482.0, 0.0, 515.0, 58.0], [482.0, 0.0, 515.0, 58.0], [482.0, 0.0, 515.0, 56.0], [483.0, 0.0, 514.0, 51.0]]"
0.6859503984451294,"[19, 20]","[[36.0, 539.0, 119.0, 660.0], [37.0, 541.0, 121.0, 662.0]]"
0.3884892165660858,"[19, 20, 21, 22, 23, 24, 25, 26, 27, 28, 29, 30, 31, 32, 33, 34, 35, 36, 37, 38, 39, 40, 41, 42, 43, 44, 45, 46, 47, 48, 49, 50]","[[446.0, 375.0, 500.0, 514.0], [446.0, 374.0, 499.0, 506.0], [446.0, 366.0, 498.0, 494.0], [447.0, 364.0, 498.0, 490.0], [446.0, 362.0, 499.0, 488.0], [446.0, 362.0, 499.0, 488.0], [446.0, 360.0, 499.0, 486.0], [445.0, 358.0, 499.0, 486.0], [445.0, 353.0, 499.0, 484.0], [444.0, 351.0, 499.0, 484.0], [445.0, 349.0, 499.0, 483.0], [445.0, 349.0, 499.0, 483.0], [446.0, 346.0, 499.0, 481.0], [446.0, 343.0, 499.0, 479.0], [448.0, 338.0, 500.0, 466.0], [449.0, 335.0, 499.0, 460.0], [449.0, 333.0, 498.0, 458.0], [449.0, 333.0, 498.0, 458.0], [450.0, 331.0, 499.0, 453.0], [450.0, 328.0, 499.0, 451.0], [450.0, 324.0, 500.0, 450.0], [450.0, 323.0, 500.0, 450.0], [449.0, 321.0, 501.0, 450.0], [449.0, 321.0, 501.0, 450.0], [450.0, 319.0, 501.0, 450.0], [449.0, 317.0, 501.0, 450.0], [450.0, 314.0, 500.0, 446.0], [450.0, 312.0, 499.0, 444.0], [449.0, 310.0, 498.0, 440.0], [449.0, 310.0, 498.0, 440.0], [449.0, 308.0, 498.0, 435.0], [450.0, 305.0, 498.0, 427.0]]"
0.6296296119689941,"[20, 21, 22, 23, 24, 25, 26, 28, 29, 30, 31, 32]","[[482.0, 0.0, 516.0, 54.0], [482.0, 0.0, 515.0, 53.0], [482.0, 0.0, 515.0, 53.0], [482.0, 0.0, 515.0, 52.0], [482.0, 0.0, 515.0, 52.0], [482.0, 0.0, 515.0, 51.0], [482.0, 0.0, 514.0, 52.0], [484.0, 0.0, 515.0, 50.0], [484.0, 0.0, 515.0, 50.0], [484.0, 0.0, 515.0, 50.0], [484.0, 0.0, 514.0, 48.0], [484.0, 0.0, 514.0, 46.0]]"
0.6176470518112183,"[21, 22]","[[1156.0, 60.0, 1198.0, 128.0], [1157.0, 62.0, 1198.0, 130.0]]"
0.23749999701976776,"[22, 23, 24, 25, 26, 27, 33, 34, 35, 36, 41, 42, 44, 45, 46, 47, 48, 49]","[[1260.0, 63.0, 1279.0, 143.0], [1260.0, 63.0, 1279.0, 143.0], [1260.0, 63.0, 1279.0, 143.0], [1260.0, 63.0, 1279.0, 143.0], [1260.0, 63.0, 1279.0, 142.0], [1260.0, 62.0, 1280.0, 147.0], [1259.0, 66.0, 1280.0, 154.0], [1259.0, 70.0, 1279.0, 154.0], [1259.0, 72.0, 1279.0, 153.0], [1259.0, 72.0, 1279.0, 153.0], [1261.0, 74.0, 1280.0, 154.0], [1261.0, 74.0, 1280.0, 154.0], [1260.0, 75.0, 1280.0, 156.0], [1260.0, 75.0, 1280.0, 160.0], [1259.0, 76.0, 1280.0, 161.0], [1259.0, 75.0, 1280.0, 161.0], [1259.0, 75.0, 1280.0, 161.0], [1259.0, 75.0, 1280.0, 163.0]]"
0.4399999976158142,"[22, 23, 24, 25, 27, 28, 29, 30, 31, 32, 34, 46, 47, 48, 49]","[[254.0, 0.0, 287.0, 75.0], [255.0, 0.0, 288.0, 75.0], [255.0, 0.0, 288.0, 76.0], [256.0, 0.0, 289.0, 75.0], [261.0, 0.0, 291.0, 70.0], [261.0, 0.0, 291.0, 69.0], [261.0, 0.0, 291.0, 69.0], [261.0, 0.0, 291.0, 69.0], [261.0, 0.0, 292.0, 66.0], [261.0, 0.0, 292.0, 65.0], [265.0, 0.0, 294.0, 62.0], [279.0, 0.0, 303.0, 55.0], [279.0, 0.0, 303.0, 54.0], [279.0, 0.0, 303.0, 54.0], [280.0, 0.0, 304.0, 53.0]]"
0.44961240887641907,"[23, 24, 25, 26, 34, 35, 36, 37, 38, 39, 40, 41, 42, 43, 44, 45, 46, 47, 48, 49, 50]","[[1215.0, 402.0, 1273.0, 531.0], [1215.0, 402.0, 1273.0, 531.0], [1213.0, 399.0, 1272.0, 525.0], [1211.0, 395.0, 1272.0, 521.0], [1188.0, 381.0, 1253.0, 515.0], [1187.0, 379.0, 1251.0, 514.0], [1187.0, 379.0, 1251.0, 514.0], [1187.0, 378.0, 1249.0, 511.0], [1185.0, 374.0, 1247.0, 508.0], [1186.0, 371.0, 1242.0, 497.0], [1186.0, 369.0, 1241.0, 491.0], [1185.0, 367.0, 1240.0, 489.0], [1185.0, 367.0, 1240.0, 489.0], [1185.0, 364.0, 1239.0, 486.0], [1184.0, 361.0, 1238.0, 484.0], [1182.0, 358.0, 1236.0, 483.0], [1179.0, 356.0, 1235.0, 483.0], [1177.0, 355.0, 1233.0, 483.0], [1177.0, 355.0, 1233.0, 483.0], [1176.0, 353.0, 1232.0, 484.0], [1175.0, 351.0, 1231.0, 483.0]]"
0.5609756112098694,[26],"[[887.0, 466.0, 956.0, 589.0]]"
0.5476190447807312,[27],"[[174.0, 0.0, 220.0, 84.0]]"
0.5120000243186951,"[27, 28, 29, 30, 31, 32, 33]","[[1203.0, 392.0, 1267.0, 517.0], [1200.0, 390.0, 1265.0, 517.0], [1196.0, 390.0, 1264.0, 516.0], [1196.0, 390.0, 1264.0, 516.0], [1194.0, 388.0, 1261.0, 516.0], [1190.0, 388.0, 1260.0, 519.0], [1188.0, 382.0, 1255.0, 516.0]]"
0.48461538553237915,[28],"[[741.0, 532.0, 804.0, 662.0]]"
0.2795698940753937,"[29, 30, 31, 32, 33, 34, 37, 38, 39, 40, 41, 42, 47, 48, 49, 50]","[[778.0, 61.0, 804.0, 154.0], [778.0, 61.0, 804.0, 154.0], [778.0, 60.0, 803.0, 154.0], [778.0, 59.0, 803.0, 154.0], [778.0, 58.0, 803.0, 154.0], [778.0, 58.0, 803.0, 154.0], [777.0, 57.0, 803.0, 153.0], [777.0, 54.0, 803.0, 153.0], [776.0, 53.0, 803.0, 150.0], [776.0, 51.0, 802.0, 149.0], [776.0, 51.0, 802.0, 148.0], [776.0, 51.0, 802.0, 148.0], [775.0, 47.0, 801.0, 139.0], [775.0, 47.0, 801.0, 139.0], [775.0, 46.0, 801.0, 138.0], [775.0, 46.0, 801.0, 138.0]]"
0.4285714328289032,"[33, 34, 35, 36, 37, 38, 43, 44, 45, 46, 47, 48, 49, 50]","[[149.0, 344.0, 203.0, 470.0], [148.0, 345.0, 203.0, 470.0], [148.0, 347.0, 202.0, 470.0], [148.0, 347.0, 202.0, 470.0], [147.0, 348.0, 202.0, 470.0], [147.0, 350.0, 203.0, 470.0], [145.0, 362.0, 205.0, 496.0], [144.0, 364.0, 205.0, 499.0], [144.0, 369.0, 205.0, 502.0], [144.0, 371.0, 204.0, 505.0], [144.0, 374.0, 203.0, 506.0], [144.0, 374.0, 203.0, 506.0], [143.0, 377.0, 202.0, 507.0], [143.0, 379.0, 201.0, 507.0]]"
0.6904761791229248,"[33, 34, 35, 36, 38]","[[485.0, 0.0, 514.0, 42.0], [487.0, 0.0, 515.0, 41.0], [487.0, 0.0, 516.0, 42.0], [487.0, 0.0, 516.0, 42.0], [487.0, 0.0, 516.0, 40.0]]"
0.4838709533214569,"[33, 35, 36, 45, 50]","[[263.0, 0.0, 293.0, 62.0], [264.0, 0.0, 296.0, 62.0], [264.0, 0.0, 296.0, 62.0], [277.0, 0.0, 304.0, 55.0], [280.0, 0.0, 305.0, 52.0]]"
0.4628099203109741,"[33, 34, 35, 36, 37, 38, 40, 41, 42, 43, 44, 45, 46, 47, 48, 50]","[[876.0, 464.0, 932.0, 585.0], [874.0, 465.0, 928.0, 585.0], [871.0, 466.0, 925.0, 589.0], [871.0, 466.0, 925.0, 589.0], [868.0, 466.0, 921.0, 589.0], [866.0, 466.0, 919.0, 591.0], [856.0, 468.0, 912.0, 600.0], [853.0, 471.0, 909.0, 587.0], [853.0, 471.0, 909.0, 587.0], [851.0, 472.0, 907.0, 588.0], [846.0, 473.0, 905.0, 599.0], [843.0, 477.0, 899.0, 603.0], [842.0, 479.0, 896.0, 603.0], [840.0, 480.0, 893.0, 604.0], [840.0, 480.0, 893.0, 604.0], [836.0, 481.0, 889.0, 604.0]]"
0.75,[37],"[[486.0, 0.0, 516.0, 40.0]]"
0.5409836173057556,"[37, 38, 40, 41, 42, 43, 44]","[[264.0, 0.0, 297.0, 61.0], [265.0, 0.0, 299.0, 60.0], [267.0, 0.0, 301.0, 59.0], [268.0, 0.0, 301.0, 59.0], [268.0, 0.0, 301.0, 59.0], [269.0, 0.0, 302.0, 58.0], [272.0, 0.0, 303.0, 58.0]]"
0.529411792755127,"[37, 50]","[[380.0, 156.0, 416.0, 224.0], [382.0, 170.0, 420.0, 242.0]]"
0.43119266629219055,"[38, 39, 40, 41, 42]","[[277.0, 312.0, 324.0, 421.0], [278.0, 313.0, 323.0, 420.0], [278.0, 313.0, 324.0, 420.0], [277.0, 313.0, 323.0, 420.0], [277.0, 313.0, 323.0, 420.0]]"
0.5932203531265259,[39],"[[266.0, 0.0, 301.0, 59.0]]"
0.4153846204280853,"[39, 49]","[[860.0, 468.0, 914.0, 598.0], [839.0, 482.0, 890.0, 604.0]]"
0.4796747863292694,"[39, 40, 41, 42]","[[145.0, 355.0, 204.0, 478.0], [145.0, 357.0, 204.0, 482.0], [145.0, 360.0, 205.0, 488.0], [145.0, 360.0, 205.0, 488.0]]"
0.375,"[40, 41, 42, 43, 44, 45, 47, 49]","[[1062.0, 15.0, 1092.0, 95.0], [1063.0, 15.0, 1092.0, 95.0], [1063.0, 15.0, 1092.0, 95.0], [1063.0, 15.0, 1093.0, 95.0], [1063.0, 14.0, 1094.0, 94.0], [1065.0, 14.0, 1096.0, 96.0], [1067.0, 16.0, 1097.0, 97.0], [1068.0, 17.0, 1097.0, 97.0]]"
0.46315789222717285,"[40, 41, 42]","[[1210.0, 131.0, 1254.0, 226.0], [1211.0, 131.0, 1255.0, 226.0], [1211.0, 131.0, 1255.0, 226.0]]"
0.4615384638309479,[43],"[[1004.0, 286.0, 1058.0, 403.0]]"
0.2804878056049347,"[44, 45, 46, 47, 48, 49, 50]","[[1092.0, 11.0, 1115.0, 93.0], [1093.0, 10.0, 1115.0, 96.0], [1093.0, 10.0, 1116.0, 97.0], [1093.0, 11.0, 1117.0, 98.0], [1093.0, 11.0, 1117.0, 98.0], [1094.0, 12.0, 1118.0, 99.0], [1094.0, 12.0, 1118.0, 99.0]]"
0.41428571939468384,"[45, 46, 47, 48, 49, 50]","[[912.0, 0.0, 941.0, 70.0], [911.0, 0.0, 940.0, 73.0], [910.0, 0.0, 939.0, 73.0], [910.0, 0.0, 939.0, 73.0], [908.0, 0.0, 938.0, 74.0], [908.0, 0.0, 937.0, 75.0]]"
1.441176414489746,[46],"[[712.0, 686.0, 761.0, 720.0]]"
1.2999999523162842,"[47, 48, 49]","[[711.0, 680.0, 763.0, 720.0], [711.0, 680.0, 763.0, 720.0], [709.0, 676.0, 766.0, 720.0]]"
0.3125,[49],"[[0.0, 61.0, 20.0, 125.0]]"
0.2535211145877838,[50],"[[0.0, 55.0, 18.0, 126.0]]"
